t_DATE,t_PERIOD,t_AUDITYPE,t_STORECODE,t_DLRCODE,t_ITEMCODE,t_NEW_CODES,t_CATEGORY,t_MANUFACTURE,t_BRAND,t_ITEMDESC,t_MRP,t_PACKSIZE,t_PACKTYPE,t_COMMENTS,t_IMAGE,t_CODE COMMENT,t_FLAG,rank,matched_itemcode,distance,m_catcode,m_category,m_subcat,m_ssubcat,m_company,m_mbrand,m_brand,m_sku,m_packtype,m_base_pack,m_flavor,m_color,m_wght,m_uom,m_mrp
2023-12-18 00:00:00,202312,2,113395617,21103020006,1702803743834,99765113,134,SALAMBHU FOOD AND BEVERAGE PVT. LTD,AQUA SUNAKHARI,AQUA SUNAKHARI/PBT/1LTR,20,1LTR,PBT,,1702803743834-salambhu food and beverage pvt- ltd-aqua sunakhari#3.png,RECODING,5,1,99765113,200.61198,118,SOFT DRINKS-NP,PACKAGED WATER,PACKAGED WATER,SALAMBHU FOOD AND BEVERAGE-NEPAL,AQUA SUNAKHARI,AQUA SUNAKHARI,PET 1000 ML,PET,1000.000 ML,,,1000.0,ML,20.0
2023-12-18 00:00:00,202312,2,113395617,21103020006,1702803743834,99765113,134,SALAMBHU FOOD AND BEVERAGE PVT. LTD,AQUA SUNAKHARI,AQUA SUNAKHARI/PBT/1LTR,20,1LTR,PBT,,1702803743834-salambhu food and beverage pvt- ltd-aqua sunakhari#3.png,RECODING,5,2,99763875,225.10965,118,SOFT DRINKS-NP,BULK WATER,BULK WATER,SN TOP BEVERAGE PVT LTD-NEPAL,AQUA KARNALI ,AQUA KARNALI ,JAR 20000 ML,JAR,20000.000 ML,,,20000.0,ML,40.0
2023-12-18 00:00:00,202312,2,113395617,21103020006,1702803743834,99765113,134,SALAMBHU FOOD AND BEVERAGE PVT. LTD,AQUA SUNAKHARI,AQUA SUNAKHARI/PBT/1LTR,20,1LTR,PBT,,1702803743834-salambhu food and beverage pvt- ltd-aqua sunakhari#3.png,RECODING,5,3,99765408,226.76546,118,SOFT DRINKS-NP,PACKAGED WATER,PACKAGED WATER,SALAMBHU FOOD AND BEVERAGE-NEPAL,AQUA SHANKARAPUR,AQUA SHANKARAPUR,PET 1000 ML,PET,1000.000 ML,,,1000.0,ML,20.0
2023-12-18 00:00:00,202312,2,113599066,21103020023,1702799816701,99765114,134,GANESH HIMAL KHANEPANI PRIVATE LIMITED,AQUA MOON,AQUA MOON/JAR/19LTR,40,19LTR,JAR,,1702799816701-ganesh himal khanepani private limited-aqua moon#3.png,RECODING,5,1,99765114,189.44475,118,SOFT DRINKS-NP,BULK WATER,BULK WATER,GANESH HIMAL KHANEPANI PVT LTD-NPL,AQUA MOON,AQUA MOON,JAR 19000 ML,JAR,19000.000 ML,,,19000.0,ML,47.0
2023-12-18 00:00:00,202312,2,113599066,21103020023,1702799816701,99765114,134,GANESH HIMAL KHANEPANI PRIVATE LIMITED,AQUA MOON,AQUA MOON/JAR/19LTR,40,19LTR,JAR,,1702799816701-ganesh himal khanepani private limited-aqua moon#3.png,RECODING,5,2,51077,247.47037,106,CONFECTIONERY-NP,HARD BOILED CANDIES,HARD BOILED CANDIES,PAAKHI FOODS-INDIA,DOTCOM,DOTCOM MASALA BEAST,DOTCOM MASALA BEAST-KACHHA AAM PPH 4.13 GM,PLPCH,4.133 GM,MANGO,,4.133,GM,0.0
2023-12-18 00:00:00,202312,2,113599066,21103020023,1702799816701,99765114,134,GANESH HIMAL KHANEPANI PRIVATE LIMITED,AQUA MOON,AQUA MOON/JAR/19LTR,40,19LTR,JAR,,1702799816701-ganesh himal khanepani private limited-aqua moon#3.png,RECODING,5,3,50907,247.65392,118,SOFT DRINKS-NP,BULK WATER,BULK WATER,HIMALAYA HOLY GROUP-NEPAL,HOLY AQUA,HOLY AQUA,JAR 20000 ML,JAR,20000.000 ML,,,20000.0,ML,0.0
2023-12-18 00:00:00,202312,2,113563488,21103020014,1702793288313,99765115,134,DANFE MINERAL WATER P LTD-NPL,AQUA COOL,AQUA COOL/JAR/19000LTR,40,19LTR,JAR,,,RECODING,5,1,99765115,123.577644,118,SOFT DRINKS-NP,BULK WATER,BULK WATER,DANFE MINERAL WATER P LTD-NPL,AQUA COOL,AQUA COOL,JAR 19000 ML,JAR,19000.000 ML,,,19000.0,ML,47.0
2023-12-18 00:00:00,202312,2,113563488,21103020014,1702793288313,99765115,134,DANFE MINERAL WATER P LTD-NPL,AQUA COOL,AQUA COOL/JAR/19000LTR,40,19LTR,JAR,,,RECODING,5,2,40120156,165.35165,118,SOFT DRINKS-NP,PACKAGED WATER,PACKAGED WATER,DANFE MINERAL WATER P LTD-NPL,AQUA COOL,AQUA COOL,PET 1000 ML,PET,1000.000 ML,,,1000.0,ML,0.0
2023-12-18 00:00:00,202312,2,113563488,21103020014,1702793288313,99765115,134,DANFE MINERAL WATER P LTD-NPL,AQUA COOL,AQUA COOL/JAR/19000LTR,40,19LTR,JAR,,,RECODING,5,3,40110647,175.71051,118,SOFT DRINKS-NP,BULK WATER,BULK WATER,AQUA COOL PLUS SPRNG WATR-NPL,AQUA COOL PLUS,AQUA COOL PLUS,JAR 20000 ML,JAR,20000.000 ML,,,20000.0,ML,0.0
2023-12-18 00:00:00,202312,2,114624094,21103020024,1702797429836,99765116,134,QUALITY KHANEPANI PVT LTD-NPL,AQUA NIRMAL,AQUA NIRMAL/JAR/19LTR,40,19LTR,JAR,,1702797429836-quality khanepani pvt ltd-npl-aqua nirmal#3.png,RECODING,5,1,99765116,151.75388,118,SOFT DRINKS-NP,BULK WATER,BULK WATER,QUALITY KHANEPANI PVT LTD-NPL,AQUA NIRMAL,AQUA NIRMAL,JAR 19000 ML,JAR,19000.000 ML,,,19000.0,ML,40.0
2023-12-18 00:00:00,202312,2,114624094,21103020024,1702797429836,99765116,134,QUALITY KHANEPANI PVT LTD-NPL,AQUA NIRMAL,AQUA NIRMAL/JAR/19LTR,40,19LTR,JAR,,1702797429836-quality khanepani pvt ltd-npl-aqua nirmal#3.png,RECODING,5,2,40110706,156.47511,118,SOFT DRINKS-NP,BULK WATER,BULK WATER,QUALITY KHANEPANI PVT LTD-NPL,AQUA NIRMAL,AQUA NIRMAL,JAR 20000 ML,JAR,20000.000 ML,,,20000.0,ML,0.0
2023-12-18 00:00:00,202312,2,114624094,21103020024,1702797429836,99765116,134,QUALITY KHANEPANI PVT LTD-NPL,AQUA NIRMAL,AQUA NIRMAL/JAR/19LTR,40,19LTR,JAR,,1702797429836-quality khanepani pvt ltd-npl-aqua nirmal#3.png,RECODING,5,3,40110705,195.3197,118,SOFT DRINKS-NP,PACKAGED WATER,PACKAGED WATER,QUALITY KHANEPANI PVT LTD-NPL,AQUA NIRMAL,AQUA NIRMAL,PET 1000 ML,PET,1000.000 ML,,,1000.0,ML,0.0
2023-12-18 00:00:00,202312,2,113630562,21103020033,1702793288313,99765115,134,DANFE MINERAL WATER P LTD-NPL,AQUA COOL,AQUA COOL/JAR/19000LTR,40,19LTR,JAR,,,RECODING,5,1,99765115,123.577644,118,SOFT DRINKS-NP,BULK WATER,BULK WATER,DANFE MINERAL WATER P LTD-NPL,AQUA COOL,AQUA COOL,JAR 19000 ML,JAR,19000.000 ML,,,19000.0,ML,47.0
2023-12-18 00:00:00,202312,2,113630562,21103020033,1702793288313,99765115,134,DANFE MINERAL WATER P LTD-NPL,AQUA COOL,AQUA COOL/JAR/19000LTR,40,19LTR,JAR,,,RECODING,5,2,40120156,165.35165,118,SOFT DRINKS-NP,PACKAGED WATER,PACKAGED WATER,DANFE MINERAL WATER P LTD-NPL,AQUA COOL,AQUA COOL,PET 1000 ML,PET,1000.000 ML,,,1000.0,ML,0.0
2023-12-18 00:00:00,202312,2,113630562,21103020033,1702793288313,99765115,134,DANFE MINERAL WATER P LTD-NPL,AQUA COOL,AQUA COOL/JAR/19000LTR,40,19LTR,JAR,,,RECODING,5,3,40110647,175.71051,118,SOFT DRINKS-NP,BULK WATER,BULK WATER,AQUA COOL PLUS SPRNG WATR-NPL,AQUA COOL PLUS,AQUA COOL PLUS,JAR 20000 ML,JAR,20000.000 ML,,,20000.0,ML,0.0
2023-12-18 00:00:00,202312,2,114638625,21103020029,1702793790731,99765118,134,DABUR NEPAL LTD.-NEPAL,REAL FRUIT POWER,REAL FRUIT POWER/TPK/1000ML/REAL180ML FREE,290,1000ML,TPK,,1702793790731-dabur nepal ltd--nepal-real fruit power#3.png,RECODING,5,1,99765363,94.148026,118,SOFT DRINKS-NP,SOFT DRINKS,NON-CARBONATED,DABUR NEPAL LTD.-NEPAL,REAL,REAL FRUIT POWER,MIXED FRUIT TPK 1000 ML+REAL 180 ML FREE,TPK,1000.000 ML,MIXED FRUIT,,1000.0,ML,290.0
2023-12-18 00:00:00,202312,2,114638625,21103020029,1702793790731,99765118,134,DABUR NEPAL LTD.-NEPAL,REAL FRUIT POWER,REAL FRUIT POWER/TPK/1000ML/REAL180ML FREE,290,1000ML,TPK,,1702793790731-dabur nepal ltd--nepal-real fruit power#3.png,RECODING,5,2,99765118,97.72983,118,SOFT DRINKS-NP,SOFT DRINKS,NON-CARBONATED,DABUR NEPAL LTD.-NEPAL,REAL,REAL FRUIT POWER,MIXED FRUIT TPK 1000 ML+REAL APPLE 180 ML FREE,TPK,1000.000 ML,MIXED FRUIT,,1000.0,ML,290.0
2023-12-18 00:00:00,202312,2,114638625,21103020029,1702793790731,99765118,134,DABUR NEPAL LTD.-NEPAL,REAL FRUIT POWER,REAL FRUIT POWER/TPK/1000ML/REAL180ML FREE,290,1000ML,TPK,,1702793790731-dabur nepal ltd--nepal-real fruit power#3.png,RECODING,5,3,51766,109.06294,118,SOFT DRINKS-NP,SOFT DRINKS,NON-CARBONATED,DABUR NEPAL LTD.-NEPAL,REAL,REAL FRUIT POWER,MIXED FRUIT TPK 1000 ML,TPK,1000.000 ML,MIXED FRUIT,,1000.0,ML,0.0
2023-12-18 00:00:00,202312,2,114638625,21103020029,1702793288313,99765115,134,DANFE MINERAL WATER P LTD-NPL,AQUA COOL,AQUA COOL/JAR/19000LTR,50,19LTR,JAR,,1702793288313-danfe mineral water p ltd-npl-aqua cool#3.png,RECODING,5,1,99765115,118.290245,118,SOFT DRINKS-NP,BULK WATER,BULK WATER,DANFE MINERAL WATER P LTD-NPL,AQUA COOL,AQUA COOL,JAR 19000 ML,JAR,19000.000 ML,,,19000.0,ML,47.0
2023-12-18 00:00:00,202312,2,114638625,21103020029,1702793288313,99765115,134,DANFE MINERAL WATER P LTD-NPL,AQUA COOL,AQUA COOL/JAR/19000LTR,50,19LTR,JAR,,1702793288313-danfe mineral water p ltd-npl-aqua cool#3.png,RECODING,5,2,40120156,160.62155,118,SOFT DRINKS-NP,PACKAGED WATER,PACKAGED WATER,DANFE MINERAL WATER P LTD-NPL,AQUA COOL,AQUA COOL,PET 1000 ML,PET,1000.000 ML,,,1000.0,ML,0.0
2023-12-18 00:00:00,202312,2,114638625,21103020029,1702793288313,99765115,134,DANFE MINERAL WATER P LTD-NPL,AQUA COOL,AQUA COOL/JAR/19000LTR,50,19LTR,JAR,,1702793288313-danfe mineral water p ltd-npl-aqua cool#3.png,RECODING,5,3,40110647,170.64116,118,SOFT DRINKS-NP,BULK WATER,BULK WATER,AQUA COOL PLUS SPRNG WATR-NPL,AQUA COOL PLUS,AQUA COOL PLUS,JAR 20000 ML,JAR,20000.000 ML,,,20000.0,ML,0.0
2023-12-18 00:00:00,202312,2,111636895,21103020034,1702625740430,99765117,134,CAVINKARE PRIVATE LIMITED ,CAVINS ,CAVINS/VANILLA MILKSHAKE/TPK/RS70,80,170ML,TPK,,1702625740430-cavinkare private limited -cavins #3.png,RECODING,5,1,99765117,124.915146,118,SOFT DRINKS-NP,SOFT DRINKS,MILK BASED DRINK,CAVIN KARE LTD - INDIA,CAVINS,CAVINS VANILLA MILKSHAKE,VANILLA MILKSHAKE TPK 170 ML,TPK,170.000 ML,VANILLA,,170.0,ML,80.0
2023-12-18 00:00:00,202312,2,111636895,21103020034,1702625740430,99765117,134,CAVINKARE PRIVATE LIMITED ,CAVINS ,CAVINS/VANILLA MILKSHAKE/TPK/RS70,80,170ML,TPK,,1702625740430-cavinkare private limited -cavins #3.png,RECODING,5,2,53069,126.17288,118,SOFT DRINKS-NP,SOFT DRINKS,MILK BASED DRINK,CAVIN KARE LTD - INDIA,CAVINS,CAVINS,VANILLA MILKSHAKE TPK 180 ML,TPK,180.000 ML,VANILLA,,180.0,ML,0.0
2023-12-18 00:00:00,202312,2,111636895,21103020034,1702625740430,99765117,134,CAVINKARE PRIVATE LIMITED ,CAVINS ,CAVINS/VANILLA MILKSHAKE/TPK/RS70,80,170ML,TPK,,1702625740430-cavinkare private limited -cavins #3.png,RECODING,5,3,99765407,134.42935,118,SOFT DRINKS-NP,SOFT DRINKS,MILK BASED DRINK,CAVIN KARE LTD - INDIA,CAVINS,CAVINS,CHOCOLATE MILKSHAKE TPK 170 ML,TPK,170.000 ML,CHOCOLATE,,170.0,ML,90.0
2023-12-18 00:00:00,202312,2,122591032,31101020032,1702449532430,99765119,134,MARUTI DAIRY PRODUCT-NEPAL,GOPALA,GOPALA FRESHO PINEAPPLE\250ML\CAN\RS:100\MARUTI DAIRY PRODUCT PVT.LTD NEPAL,100,250 ML,CAN,,1702449532430-maruti dairy product-nepal-gopala#3.png,RECODING,5,1,99765119,97.03989,118,SOFT DRINKS-NP,SOFT DRINKS,NON-CARBONATED,MARUTI DAIRY PRODUCT-NEPAL,GOPALA,GOPALA FRESHO,PINEAPPLE CAN 250 ML,CAN,250.000 ML,PINEAPPLE,,250.0,ML,100.0
2023-12-18 00:00:00,202312,2,122591032,31101020032,1702449532430,99765119,134,MARUTI DAIRY PRODUCT-NEPAL,GOPALA,GOPALA FRESHO PINEAPPLE\250ML\CAN\RS:100\MARUTI DAIRY PRODUCT PVT.LTD NEPAL,100,250 ML,CAN,,1702449532430-maruti dairy product-nepal-gopala#3.png,RECODING,5,2,99765120,137.43074,118,SOFT DRINKS-NP,SOFT DRINKS,NON-CARBONATED,MARUTI DAIRY PRODUCT-NEPAL,GOPALA,GOPALA FRESHO,MIXED FRUIT CAN 250 ML,CAN,250.000 ML,MIXED FRUIT,,250.0,ML,100.0
2023-12-18 00:00:00,202312,2,122591032,31101020032,1702449532430,99765119,134,MARUTI DAIRY PRODUCT-NEPAL,GOPALA,GOPALA FRESHO PINEAPPLE\250ML\CAN\RS:100\MARUTI DAIRY PRODUCT PVT.LTD NEPAL,100,250 ML,CAN,,1702449532430-maruti dairy product-nepal-gopala#3.png,RECODING,5,3,99765212,143.97687,118,SOFT DRINKS-NP,SOFT DRINKS,NON-CARBONATED,MARUTI DAIRY PRODUCT-NEPAL,GOPALA,GOPALA FRESHO,MANGO CAN 250 ML,CAN,250.000 ML,MANGO,,250.0,ML,100.0
2023-12-18 00:00:00,202312,2,122591032,31101020032,1702449618174,99765120,134,MARUTI DAIRY PRODUCT-NEPAL,GOPALA,GOPALA FRESHO MIXED FRUIT\250ML\CAN\RS:100\MARUTI PRODUCT PVT.LTD NEPAL,100,250 ML,CAN,New SKU,1702449618174-maruti dairy product-nepal-gopala#3.png,RECODING,5,1,99765120,105.48846,118,SOFT DRINKS-NP,SOFT DRINKS,NON-CARBONATED,MARUTI DAIRY PRODUCT-NEPAL,GOPALA,GOPALA FRESHO,MIXED FRUIT CAN 250 ML,CAN,250.000 ML,MIXED FRUIT,,250.0,ML,100.0
2023-12-18 00:00:00,202312,2,122591032,31101020032,1702449618174,99765120,134,MARUTI DAIRY PRODUCT-NEPAL,GOPALA,GOPALA FRESHO MIXED FRUIT\250ML\CAN\RS:100\MARUTI PRODUCT PVT.LTD NEPAL,100,250 ML,CAN,New SKU,1702449618174-maruti dairy product-nepal-gopala#3.png,RECODING,5,2,99765455,117.41565,118,SOFT DRINKS-NP,SOFT DRINKS,NON-CARBONATED,MARUTI DAIRY PRODUCT-NEPAL,SEASON,SEASON,MIXED FRUIT CAN 250 ML,CAN,250.000 ML,MIXED FRUIT,,250.0,ML,100.0
2023-12-18 00:00:00,202312,2,122591032,31101020032,1702449618174,99765120,134,MARUTI DAIRY PRODUCT-NEPAL,GOPALA,GOPALA FRESHO MIXED FRUIT\250ML\CAN\RS:100\MARUTI PRODUCT PVT.LTD NEPAL,100,250 ML,CAN,New SKU,1702449618174-maruti dairy product-nepal-gopala#3.png,RECODING,5,3,99765212,128.93372,118,SOFT DRINKS-NP,SOFT DRINKS,NON-CARBONATED,MARUTI DAIRY PRODUCT-NEPAL,GOPALA,GOPALA FRESHO,MANGO CAN 250 ML,CAN,250.000 ML,MANGO,,250.0,ML,100.0
2023-12-18 00:00:00,202312,2,111889963,12101020036,1702280997817,99765121,134,HECTOR BEVERAGE PVT. LTD. INDIA,PAPER BOAT SWING LUSH LYCHEE,PAPER BOAT SWING LUSH LYCHEE,16,125 ML.,PBT,New Category,1702280997817-hector beverage pvt- ltd- india-paper boat swing lush lychee#3.png,RECODING,5,1,99765121,92.44347,118,SOFT DRINKS-NP,SOFT DRINKS,NON-CARBONATED,HECTOR BEVERAGES PVT LTD-INDIA,PAPER BOAT SWING,PAPER BOAT SWING,LUSH LYCHEE PPH 125 ML,PPH,125.000 ML,LYCHEE,,125.0,ML,16.0
2023-12-18 00:00:00,202312,2,111889963,12101020036,1702280997817,99765121,134,HECTOR BEVERAGE PVT. LTD. INDIA,PAPER BOAT SWING LUSH LYCHEE,PAPER BOAT SWING LUSH LYCHEE,16,125 ML.,PBT,New Category,1702280997817-hector beverage pvt- ltd- india-paper boat swing lush lychee#3.png,RECODING,5,2,20121942,196.7472,118,SOFT DRINKS-NP,SOFT DRINKS,NON-CARBONATED,DELUXE RICH SDN BHD - MALAYSIA,TREE FRESH,TREE FRESH,LYCHEE CAN 330 ML,CAN,330.000 ML,LYCHEE,,330.0,ML,0.0
2023-12-18 00:00:00,202312,2,111889963,12101020036,1702280997817,99765121,134,HECTOR BEVERAGE PVT. LTD. INDIA,PAPER BOAT SWING LUSH LYCHEE,PAPER BOAT SWING LUSH LYCHEE,16,125 ML.,PBT,New Category,1702280997817-hector beverage pvt- ltd- india-paper boat swing lush lychee#3.png,RECODING,5,3,99765226,206.61865,118,SOFT DRINKS-NP,SOFT DRINKS,NON-CARBONATED,INTER DRINKS CO. LTD.-THAILAND,C LIGHT,C LIGHT,LYCHEE CAN 240 ML,CAN,240.000 ML,LYCHEE,,240.0,ML,100.0
2023-12-21 00:00:00,202312,2,128189766,31101020097,1703063006122,99765122,118,SAPPE PUBLIC COMPANY LTD-THAILAND,MOGU MOGU,MOGU MOGU-ORANGE PBT 320 ML,150,320ML,PBT,,1703063006122-sappe public company ltd-thailand-mogu mogu#3.png,RECODING,5,1,99765122,109.168106,118,SOFT DRINKS-NP,SOFT DRINKS,NON-CARBONATED,SAPPE PUBLIC COMPANY LTD-THAILAND,MOGU MOGU,MOGU MOGU,ORANGE PET 320 ML,PET,320.000 ML,ORANGE,,320.0,ML,150.0
2023-12-21 00:00:00,202312,2,128189766,31101020097,1703063006122,99765122,118,SAPPE PUBLIC COMPANY LTD-THAILAND,MOGU MOGU,MOGU MOGU-ORANGE PBT 320 ML,150,320ML,PBT,,1703063006122-sappe public company ltd-thailand-mogu mogu#3.png,RECODING,5,2,99765170,129.79572,118,SOFT DRINKS-NP,SOFT DRINKS,NON-CARBONATED,SAPPE PUBLIC COMPANY LTD-THAILAND,MOGU MOGU,MOGU MOGU,MELON PET 320 ML,PET,320.000 ML,MELON,,320.0,ML,150.0
2023-12-21 00:00:00,202312,2,128189766,31101020097,1703063006122,99765122,118,SAPPE PUBLIC COMPANY LTD-THAILAND,MOGU MOGU,MOGU MOGU-ORANGE PBT 320 ML,150,320ML,PBT,,1703063006122-sappe public company ltd-thailand-mogu mogu#3.png,RECODING,5,3,99765189,130.6391,118,SOFT DRINKS-NP,SOFT DRINKS,NON-CARBONATED,SAPPE PUBLIC COMPANY LTD-THAILAND,MOGU MOGU,MOGU MOGU,STRAWBERRY PET 320 ML,PET,320.000 ML,STRAWBERRY,,320.0,ML,150.0
2023-12-21 00:00:00,202312,2,128189766,31101020097,1703063422314,99765123,118,SAPPE PUBLIC COMPANY LTD-THAILAND,MOGU MOGU,MOGU MOGU-MANGO PBT 320ML,150,320 ML,PBT,,1703063422314-sappe public company ltd-thailand-mogu mogu#3.png,RECODING,5,1,99765123,96.734406,118,SOFT DRINKS-NP,SOFT DRINKS,NON-CARBONATED,SAPPE PUBLIC COMPANY LTD-THAILAND,MOGU MOGU,MOGU MOGU,MANGO PET 320 ML,PET,320.000 ML,MANGO,,320.0,ML,150.0
2023-12-21 00:00:00,202312,2,128189766,31101020097,1703063422314,99765123,118,SAPPE PUBLIC COMPANY LTD-THAILAND,MOGU MOGU,MOGU MOGU-MANGO PBT 320ML,150,320 ML,PBT,,1703063422314-sappe public company ltd-thailand-mogu mogu#3.png,RECODING,5,2,99765170,125.026215,118,SOFT DRINKS-NP,SOFT DRINKS,NON-CARBONATED,SAPPE PUBLIC COMPANY LTD-THAILAND,MOGU MOGU,MOGU MOGU,MELON PET 320 ML,PET,320.000 ML,MELON,,320.0,ML,150.0
2023-12-21 00:00:00,202312,2,128189766,31101020097,1703063422314,99765123,118,SAPPE PUBLIC COMPANY LTD-THAILAND,MOGU MOGU,MOGU MOGU-MANGO PBT 320ML,150,320 ML,PBT,,1703063422314-sappe public company ltd-thailand-mogu mogu#3.png,RECODING,5,3,99765167,129.52417,118,SOFT DRINKS-NP,SOFT DRINKS,NON-CARBONATED,SAPPE PUBLIC COMPANY LTD-THAILAND,MOGU MOGU,MOGU MOGU,PINK GUAVA PET 320 ML,PET,320.000 ML,GUAVA,,320.0,ML,150.0
2023-12-25 00:00:00,202312,2,111504940,12101020023,1703398151435,99765124,134,PEPSICO INDIA-INDIA,STING ENERGY BLUE CURRENT,STING ENERGY BLUE CURRENT ,32,250 ML.,PBT,,1703398151435-pepsico india-india-sting energy blue current#3.png,RECODING,5,1,99765124,177.85031,118,SOFT DRINKS-NP,SOFT DRINKS,ENERGY DRINK,PEPSI COLA CMPNY IMPRTD-IMPRTD,STING,STING BLUE CURRENT,PET 250 ML,PET,250.000 ML,,,250.0,ML,32.0
2023-12-25 00:00:00,202312,2,111504940,12101020023,1703398151435,99765124,134,PEPSICO INDIA-INDIA,STING ENERGY BLUE CURRENT,STING ENERGY BLUE CURRENT ,32,250 ML.,PBT,,1703398151435-pepsico india-india-sting energy blue current#3.png,RECODING,5,2,99763712,205.616,118,SOFT DRINKS-NP,SOFT DRINKS,ENERGY DRINK,PEPSI COLA CMPNY IMPRTD-IMPRTD,STING,STING,PET 250 ML,PET,250.000 ML,,,250.0,ML,80.0
2023-12-25 00:00:00,202312,2,111504940,12101020023,1703398151435,99765124,134,PEPSICO INDIA-INDIA,STING ENERGY BLUE CURRENT,STING ENERGY BLUE CURRENT ,32,250 ML.,PBT,,1703398151435-pepsico india-india-sting energy blue current#3.png,RECODING,5,3,54085,206.74692,118,SOFT DRINKS-NP,SOFT DRINKS,NON-CARBONATED,DABUR INDIA LTD.- INDIA,REAL,REAL,FRUIT POWER POMEGRNT TPK 1000 ML+200M WRT RS32 FR,TPK,1000.000 ML,POMEGRANATE,,1000.0,ML,0.0
2023-12-25 00:00:00,202312,2,123947434,21301020036,1702883942360,99765113,134,SALAMBHU FOOD AND BEVERAGE P.LTD,AQUA SUNKAKHARI,AQUA SUNAKHARI\1000\ML,20,1000 ML,PET,Invoices not available,1702883942360-salambhu food and beverage p-ltd-aqua sunkakhari#3.png,RECODING,5,1,99765113,164.9523,118,SOFT DRINKS-NP,PACKAGED WATER,PACKAGED WATER,SALAMBHU FOOD AND BEVERAGE-NEPAL,AQUA SUNAKHARI,AQUA SUNAKHARI,PET 1000 ML,PET,1000.000 ML,,,1000.0,ML,20.0
2023-12-25 00:00:00,202312,2,123947434,21301020036,1702883942360,99765113,134,SALAMBHU FOOD AND BEVERAGE P.LTD,AQUA SUNKAKHARI,AQUA SUNAKHARI\1000\ML,20,1000 ML,PET,Invoices not available,1702883942360-salambhu food and beverage p-ltd-aqua sunkakhari#3.png,RECODING,5,2,99765408,177.88376,118,SOFT DRINKS-NP,PACKAGED WATER,PACKAGED WATER,SALAMBHU FOOD AND BEVERAGE-NEPAL,AQUA SHANKARAPUR,AQUA SHANKARAPUR,PET 1000 ML,PET,1000.000 ML,,,1000.0,ML,20.0
2023-12-25 00:00:00,202312,2,123947434,21301020036,1702883942360,99765113,134,SALAMBHU FOOD AND BEVERAGE P.LTD,AQUA SUNKAKHARI,AQUA SUNAKHARI\1000\ML,20,1000 ML,PET,Invoices not available,1702883942360-salambhu food and beverage p-ltd-aqua sunkakhari#3.png,RECODING,5,3,99764076,180.79723,118,SOFT DRINKS-NP,PACKAGED WATER,PACKAGED WATER,SAKCHAM FOOD & BEVERAGE-NEPAL,AQUA BEST,AQUA BEST,PET 1000 ML,PET,1000.000 ML,,,1000.0,ML,20.0
2023-12-27 00:00:00,202312,2,132792941,31303020011,1703484115856,99765125,134,SUJAL DAIRY PVT LTD ,RUSH,RUSH BADAM DRINK CAN 180 ML ,110,180ML,CAN,,1703484115856-sujal dairy pvt ltd -rush#3.png,RECODING,5,1,99765125,118.60805,118,SOFT DRINKS-NP,SOFT DRINKS,MILK BASED DRINK,SUJAL DAIRY PVT LTD-NEPAL,RUSH,RUSH BADAM DRINK,BADAM DRINK CAN 180 ML,CAN,180.000 ML,ALMOND,,180.0,ML,110.0
2023-12-27 00:00:00,202312,2,132792941,31303020011,1703484115856,99765125,134,SUJAL DAIRY PVT LTD ,RUSH,RUSH BADAM DRINK CAN 180 ML ,110,180ML,CAN,,1703484115856-sujal dairy pvt ltd -rush#3.png,RECODING,5,2,99763289,170.16098,118,SOFT DRINKS-NP,SOFT DRINKS,MILK BASED DRINK,AYUSH DISTRIBUTORS PVT LTD-NP,ADPL,ADPL BADAM DRINK,BADAM DRINK CAN 180 ML,CAN,180.000 ML,ALMOND,,180.0,ML,80.0
2023-12-27 00:00:00,202312,2,132792941,31303020011,1703484115856,99765125,134,SUJAL DAIRY PVT LTD ,RUSH,RUSH BADAM DRINK CAN 180 ML ,110,180ML,CAN,,1703484115856-sujal dairy pvt ltd -rush#3.png,RECODING,5,3,47047,170.33209,118,SOFT DRINKS-NP,SOFT DRINKS,MILK BASED DRINK,TULYA BEVERAGE PVT LTD-INDIA,KTM,KTM,BADAM DRINK CAN 180 ML,CAN,180.000 ML,ALMOND,,180.0,ML,0.0
2023-12-27 00:00:00,202312,2,132848528,31303020029,1703484115856,99765125,134,SUJAL DAIRY PVT LTD ,RUSH,RUSH BADAM DRINK CAN 180 ML ,100,180ML,CAN,Any other reason,1703484115856-sujal dairy pvt ltd -rush#3.png,RECODING,5,1,99765125,118.76574,118,SOFT DRINKS-NP,SOFT DRINKS,MILK BASED DRINK,SUJAL DAIRY PVT LTD-NEPAL,RUSH,RUSH BADAM DRINK,BADAM DRINK CAN 180 ML,CAN,180.000 ML,ALMOND,,180.0,ML,110.0
2023-12-27 00:00:00,202312,2,132848528,31303020029,1703484115856,99765125,134,SUJAL DAIRY PVT LTD ,RUSH,RUSH BADAM DRINK CAN 180 ML ,100,180ML,CAN,Any other reason,1703484115856-sujal dairy pvt ltd -rush#3.png,RECODING,5,2,99763289,170.30557,118,SOFT DRINKS-NP,SOFT DRINKS,MILK BASED DRINK,AYUSH DISTRIBUTORS PVT LTD-NP,ADPL,ADPL BADAM DRINK,BADAM DRINK CAN 180 ML,CAN,180.000 ML,ALMOND,,180.0,ML,80.0
2023-12-27 00:00:00,202312,2,132848528,31303020029,1703484115856,99765125,134,SUJAL DAIRY PVT LTD ,RUSH,RUSH BADAM DRINK CAN 180 ML ,100,180ML,CAN,Any other reason,1703484115856-sujal dairy pvt ltd -rush#3.png,RECODING,5,3,47047,171.08391,118,SOFT DRINKS-NP,SOFT DRINKS,MILK BASED DRINK,TULYA BEVERAGE PVT LTD-INDIA,KTM,KTM,BADAM DRINK CAN 180 ML,CAN,180.000 ML,ALMOND,,180.0,ML,0.0
2023-12-27 00:00:00,202312,2,132803597,31303020004,1703484115856,99765125,134,SUJAL DAIRY PVT LTD ,RUSH,RUSH BADAM DRINK CAN 180 ML ,110,180ML,CAN,,1703484115856-sujal dairy pvt ltd -rush#3.png,RECODING,5,1,99765125,118.60805,118,SOFT DRINKS-NP,SOFT DRINKS,MILK BASED DRINK,SUJAL DAIRY PVT LTD-NEPAL,RUSH,RUSH BADAM DRINK,BADAM DRINK CAN 180 ML,CAN,180.000 ML,ALMOND,,180.0,ML,110.0
2023-12-27 00:00:00,202312,2,132803597,31303020004,1703484115856,99765125,134,SUJAL DAIRY PVT LTD ,RUSH,RUSH BADAM DRINK CAN 180 ML ,110,180ML,CAN,,1703484115856-sujal dairy pvt ltd -rush#3.png,RECODING,5,2,99763289,170.16098,118,SOFT DRINKS-NP,SOFT DRINKS,MILK BASED DRINK,AYUSH DISTRIBUTORS PVT LTD-NP,ADPL,ADPL BADAM DRINK,BADAM DRINK CAN 180 ML,CAN,180.000 ML,ALMOND,,180.0,ML,80.0
2023-12-27 00:00:00,202312,2,132803597,31303020004,1703484115856,99765125,134,SUJAL DAIRY PVT LTD ,RUSH,RUSH BADAM DRINK CAN 180 ML ,110,180ML,CAN,,1703484115856-sujal dairy pvt ltd -rush#3.png,RECODING,5,3,47047,170.33209,118,SOFT DRINKS-NP,SOFT DRINKS,MILK BASED DRINK,TULYA BEVERAGE PVT LTD-INDIA,KTM,KTM,BADAM DRINK CAN 180 ML,CAN,180.000 ML,ALMOND,,180.0,ML,0.0
2023-12-27 00:00:00,202312,2,132920729,31303020012,1703487499413,99765126,134,SARAS BEVERAGE PRIVATE LIMITED NEPAL ,RED BULL,RED BULL-CAN 250ML,110,250ML,CAN,,1703487499413-saras beverage private limited nepal -red bull#3.png,RECODING,5,1,99765126,108.06476,118,SOFT DRINKS-NP,SOFT DRINKS,ENERGY DRINK,SARAS BEVERAGES PVT LTD-NEPAL,RED BULL,RED BULL,CAN 250 ML,CAN,250.000 ML,,,250.0,ML,110.0
2023-12-27 00:00:00,202312,2,132920729,31303020012,1703487499413,99765126,134,SARAS BEVERAGE PRIVATE LIMITED NEPAL ,RED BULL,RED BULL-CAN 250ML,110,250ML,CAN,,1703487499413-saras beverage private limited nepal -red bull#3.png,RECODING,5,2,99765195,147.3344,118,SOFT DRINKS-NP,SOFT DRINKS,ENERGY DRINK,GAMA FOODS NEPAL PVT LTD-NEPAL,READY BULL,READY BULL,CAN 250 ML,CAN,250.000 ML,,,250.0,ML,120.0
2023-12-27 00:00:00,202312,2,132920729,31303020012,1703487499413,99765126,134,SARAS BEVERAGE PRIVATE LIMITED NEPAL ,RED BULL,RED BULL-CAN 250ML,110,250ML,CAN,,1703487499413-saras beverage private limited nepal -red bull#3.png,RECODING,5,3,99765307,155.39476,118,SOFT DRINKS-NP,SOFT DRINKS,ENERGY DRINK,JAGDAMBA FOODS PVT LTD-NEPAL,ROBO BULL,ROBO BULL,CAN 250 ML,CAN,250.000 ML,,,250.0,ML,120.0
2023-12-29 00:00:00,202312,2,128827091,12201020021,1703690509637,99765126,134,SARAS BEVERAGES PRIVATE LIMITED NEPAL,RED BULL,RED BULL CAN 250ML ,110,250ML,CAN,,1703690509637-saras beverages private limited nepal-red bull#3.png,RECODING,5,1,99765126,102.50141,118,SOFT DRINKS-NP,SOFT DRINKS,ENERGY DRINK,SARAS BEVERAGES PVT LTD-NEPAL,RED BULL,RED BULL,CAN 250 ML,CAN,250.000 ML,,,250.0,ML,110.0
2023-12-29 00:00:00,202312,2,128827091,12201020021,1703690509637,99765126,134,SARAS BEVERAGES PRIVATE LIMITED NEPAL,RED BULL,RED BULL CAN 250ML ,110,250ML,CAN,,1703690509637-saras beverages private limited nepal-red bull#3.png,RECODING,5,2,99765195,143.10042,118,SOFT DRINKS-NP,SOFT DRINKS,ENERGY DRINK,GAMA FOODS NEPAL PVT LTD-NEPAL,READY BULL,READY BULL,CAN 250 ML,CAN,250.000 ML,,,250.0,ML,120.0
2023-12-29 00:00:00,202312,2,128827091,12201020021,1703690509637,99765126,134,SARAS BEVERAGES PRIVATE LIMITED NEPAL,RED BULL,RED BULL CAN 250ML ,110,250ML,CAN,,1703690509637-saras beverages private limited nepal-red bull#3.png,RECODING,5,3,99765307,152.12355,118,SOFT DRINKS-NP,SOFT DRINKS,ENERGY DRINK,JAGDAMBA FOODS PVT LTD-NEPAL,ROBO BULL,ROBO BULL,CAN 250 ML,CAN,250.000 ML,,,250.0,ML,120.0
2023-12-29 00:00:00,202312,2,128699486,12201020014,1702704252158,99765127,134,BHEDETAR SPARKLING WATER COMPANY PVT LTD NEPAL,JARUWA SPRING,JARUWA SPRING PET 1LTR ,20,1LTR,PET,,1702704252158-bhedetar sparkling water company pvt ltd nepal-jaruwa spring#3.png,RECODING,5,1,99765127,137.80182,118,SOFT DRINKS-NP,PACKAGED WATER,PACKAGED WATER,BHEDETAR SPARKLING WATER-NEPAL,JARUWA SPRING,JARUWA SPRING,PET 1000 ML,PET,1000.000 ML,,,1000.0,ML,20.0
2023-12-29 00:00:00,202312,2,128699486,12201020014,1702704252158,99765127,134,BHEDETAR SPARKLING WATER COMPANY PVT LTD NEPAL,JARUWA SPRING,JARUWA SPRING PET 1LTR ,20,1LTR,PET,,1702704252158-bhedetar sparkling water company pvt ltd nepal-jaruwa spring#3.png,RECODING,5,2,99763204,160.8419,118,SOFT DRINKS-NP,PACKAGED WATER,PACKAGED WATER,A & B MULTIPLE COMPANY-NEPAL,BHEDETAR SPRING,BHEDETAR SPRING,PET 1000 ML,PET,1000.000 ML,,,1000.0,ML,25.0
2023-12-29 00:00:00,202312,2,128699486,12201020014,1702704252158,99765127,134,BHEDETAR SPARKLING WATER COMPANY PVT LTD NEPAL,JARUWA SPRING,JARUWA SPRING PET 1LTR ,20,1LTR,PET,,1702704252158-bhedetar sparkling water company pvt ltd nepal-jaruwa spring#3.png,RECODING,5,3,99762823,176.5495,118,SOFT DRINKS-NP,PACKAGED WATER,PACKAGED WATER,HIMAL AGRO & FOOD PVT LTD-NEPAL,SPRING 100,SPRING 100,PET 1000 ML,PET,1000.000 ML,,,1000.0,ML,20.0
2023-12-29 00:00:00,202312,2,132781485,31303020027,1703484115856,99765125,134,SUJAL DAIRY PVT LTD ,RUSH,RUSH BADAM DRINK CAN 180 ML ,110,180ML,CAN,Any other reason,1703484115856-sujal dairy pvt ltd -rush#3.png,RECODING,5,1,99765125,118.60805,118,SOFT DRINKS-NP,SOFT DRINKS,MILK BASED DRINK,SUJAL DAIRY PVT LTD-NEPAL,RUSH,RUSH BADAM DRINK,BADAM DRINK CAN 180 ML,CAN,180.000 ML,ALMOND,,180.0,ML,110.0
2023-12-29 00:00:00,202312,2,132781485,31303020027,1703484115856,99765125,134,SUJAL DAIRY PVT LTD ,RUSH,RUSH BADAM DRINK CAN 180 ML ,110,180ML,CAN,Any other reason,1703484115856-sujal dairy pvt ltd -rush#3.png,RECODING,5,2,99763289,170.16098,118,SOFT DRINKS-NP,SOFT DRINKS,MILK BASED DRINK,AYUSH DISTRIBUTORS PVT LTD-NP,ADPL,ADPL BADAM DRINK,BADAM DRINK CAN 180 ML,CAN,180.000 ML,ALMOND,,180.0,ML,80.0
2023-12-29 00:00:00,202312,2,132781485,31303020027,1703484115856,99765125,134,SUJAL DAIRY PVT LTD ,RUSH,RUSH BADAM DRINK CAN 180 ML ,110,180ML,CAN,Any other reason,1703484115856-sujal dairy pvt ltd -rush#3.png,RECODING,5,3,47047,170.33209,118,SOFT DRINKS-NP,SOFT DRINKS,MILK BASED DRINK,TULYA BEVERAGE PVT LTD-INDIA,KTM,KTM,BADAM DRINK CAN 180 ML,CAN,180.000 ML,ALMOND,,180.0,ML,0.0
02/01/2024,202312,2,116336450,11301020015,1703690509637,99765126,134,SARAS BEVERAGES PRIVATE LIMITED NEPAL,RED BULL,RED BULL CAN 250ML ,110,250ML,CAN,,,RECODING,5,1,99765126,102.50141,118,SOFT DRINKS-NP,SOFT DRINKS,ENERGY DRINK,SARAS BEVERAGES PVT LTD-NEPAL,RED BULL,RED BULL,CAN 250 ML,CAN,250.000 ML,,,250.0,ML,110.0
02/01/2024,202312,2,116336450,11301020015,1703690509637,99765126,134,SARAS BEVERAGES PRIVATE LIMITED NEPAL,RED BULL,RED BULL CAN 250ML ,110,250ML,CAN,,,RECODING,5,2,99765195,143.10042,118,SOFT DRINKS-NP,SOFT DRINKS,ENERGY DRINK,GAMA FOODS NEPAL PVT LTD-NEPAL,READY BULL,READY BULL,CAN 250 ML,CAN,250.000 ML,,,250.0,ML,120.0
02/01/2024,202312,2,116336450,11301020015,1703690509637,99765126,134,SARAS BEVERAGES PRIVATE LIMITED NEPAL,RED BULL,RED BULL CAN 250ML ,110,250ML,CAN,,,RECODING,5,3,99765307,152.12355,118,SOFT DRINKS-NP,SOFT DRINKS,ENERGY DRINK,JAGDAMBA FOODS PVT LTD-NEPAL,ROBO BULL,ROBO BULL,CAN 250 ML,CAN,250.000 ML,,,250.0,ML,120.0
02/01/2024,202312,2,129058210,12201020023,1703690509637,99765126,134,SARAS BEVERAGES PRIVATE LIMITED NEPAL,RED BULL,RED BULL CAN 250ML ,110,250ML,CAN,,,RECODING,5,1,99765126,102.50141,118,SOFT DRINKS-NP,SOFT DRINKS,ENERGY DRINK,SARAS BEVERAGES PVT LTD-NEPAL,RED BULL,RED BULL,CAN 250 ML,CAN,250.000 ML,,,250.0,ML,110.0
02/01/2024,202312,2,129058210,12201020023,1703690509637,99765126,134,SARAS BEVERAGES PRIVATE LIMITED NEPAL,RED BULL,RED BULL CAN 250ML ,110,250ML,CAN,,,RECODING,5,2,99765195,143.10042,118,SOFT DRINKS-NP,SOFT DRINKS,ENERGY DRINK,GAMA FOODS NEPAL PVT LTD-NEPAL,READY BULL,READY BULL,CAN 250 ML,CAN,250.000 ML,,,250.0,ML,120.0
02/01/2024,202312,2,129058210,12201020023,1703690509637,99765126,134,SARAS BEVERAGES PRIVATE LIMITED NEPAL,RED BULL,RED BULL CAN 250ML ,110,250ML,CAN,,,RECODING,5,3,99765307,152.12355,118,SOFT DRINKS-NP,SOFT DRINKS,ENERGY DRINK,JAGDAMBA FOODS PVT LTD-NEPAL,ROBO BULL,ROBO BULL,CAN 250 ML,CAN,250.000 ML,,,250.0,ML,120.0
02/01/2024,202312,2,129058210,12201020023,1702704252158,99765127,134,BHEDETAR SPARKLING WATER COMPANY PVT LTD NEPAL,JARUWA SPRING,JARUWA SPRING PET 1LTR ,20,1LTR,PET,,,RECODING,5,1,99765127,137.80182,118,SOFT DRINKS-NP,PACKAGED WATER,PACKAGED WATER,BHEDETAR SPARKLING WATER-NEPAL,JARUWA SPRING,JARUWA SPRING,PET 1000 ML,PET,1000.000 ML,,,1000.0,ML,20.0
02/01/2024,202312,2,129058210,12201020023,1702704252158,99765127,134,BHEDETAR SPARKLING WATER COMPANY PVT LTD NEPAL,JARUWA SPRING,JARUWA SPRING PET 1LTR ,20,1LTR,PET,,,RECODING,5,2,99763204,160.8419,118,SOFT DRINKS-NP,PACKAGED WATER,PACKAGED WATER,A & B MULTIPLE COMPANY-NEPAL,BHEDETAR SPRING,BHEDETAR SPRING,PET 1000 ML,PET,1000.000 ML,,,1000.0,ML,25.0
02/01/2024,202312,2,129058210,12201020023,1702704252158,99765127,134,BHEDETAR SPARKLING WATER COMPANY PVT LTD NEPAL,JARUWA SPRING,JARUWA SPRING PET 1LTR ,20,1LTR,PET,,,RECODING,5,3,99762823,176.5495,118,SOFT DRINKS-NP,PACKAGED WATER,PACKAGED WATER,HIMAL AGRO & FOOD PVT LTD-NEPAL,SPRING 100,SPRING 100,PET 1000 ML,PET,1000.000 ML,,,1000.0,ML,20.0
05/01/2024,202401,2,110496169,21101020035,1704357398630,99765100,134,LIFE FOOD & BEVERAGE-NEPAL,KI BU,KIBU/250 ML / TIN /,120,250,CAN,No Purchases,1704357398630-life food - beverage-nepal-ki bu#3.png,CROSS CODING,2,1,99765230,136.54572,118,SOFT DRINKS-NP,SOFT DRINKS,ENERGY DRINK,LIFE FOOD & BEVERAGE-NEPAL,KI BU,KI BU CLASSIC,CLASSIC CAN 330 ML,CAN,330.000 ML,,,330.0,ML,130.0
05/01/2024,202401,2,110496169,21101020035,1704357398630,99765100,134,LIFE FOOD & BEVERAGE-NEPAL,KI BU,KIBU/250 ML / TIN /,120,250,CAN,No Purchases,1704357398630-life food - beverage-nepal-ki bu#3.png,CROSS CODING,2,2,99765100,139.42415,118,SOFT DRINKS-NP,SOFT DRINKS,ENERGY DRINK,LIFE FOOD & BEVERAGE-NEPAL,KI BU,KI BU CLASSIC,CLASSIC CAN 250 ML,CAN,250.000 ML,,,250.0,ML,120.0
05/01/2024,202401,2,110496169,21101020035,1704357398630,99765100,134,LIFE FOOD & BEVERAGE-NEPAL,KI BU,KIBU/250 ML / TIN /,120,250,CAN,No Purchases,1704357398630-life food - beverage-nepal-ki bu#3.png,CROSS CODING,2,3,99764679,142.85675,118,SOFT DRINKS-NP,SOFT DRINKS,ENERGY DRINK,LIFE FOOD & BEVERAGE-NEPAL,KI BU,KI BU,CLASSIC CAN 180 ML,CAN,180.000 ML,,,180.0,ML,80.0
