t_DATE,t_PERIOD,t_STORECODE,t_ITEMCODE,t_NEW_CODES,t_CATEGORY,t_MANUFACTURE,t_BRAND,t_ITEMDESC,t_MRP,t_PACKSIZE,t_PACKTYPE,t_COMMENTS,t_IMAGE,t_CODE COMMENT,t_FLAG,rank,matched_itemcode,distance,m_catcode,m_category,m_subcat,m_ssubcat,m_company,m_mbrand,m_brand,m_sku,m_packtype,m_base_pack,m_flavor,m_color,m_wght,m_uom,m_mrp,llm_rank,llm_selected,llm_confidence
2022-01-10,202112,118069056,1640674566442,99762952.0,118,SINGAPORE BEVERAGE-NEPAL,JEERU,JEERU MASALA PBT 500 ML ,70.0,PBT,500 ML,,1640674566442-singapore beverage-nepal-jeeru.png,RECODING,5,1,99762952,82.26839,118,SOFT DRINKS-NP,SOFT DRINKS,CARBONATED,SINGAPORE BEVERAGE-NEPAL,JEERU,JEERU,JEERA MASALA PET 500 ML,PET,500.000 ML,JEERA,,500.0,ML,70.0,1,True,high
2021-12-31,202112,123455987,1640676367795,99762552.0,122,DINESH SOAP & HOUSEHOLD-NPL,DINESH 3 IN 1,DINESH 3 IN 1\500\GM,50.0,PPH,500GM,New SKU,1640676367795-dinesh soap - household-npl-dinesh 3 in 1.png,CROSS CODING,2,1,99762677,97.82086,122,WASHING  POWDER-NP,WASHING POWDER,WASHING POWDER,DINESH SOAP & HOUSEHOLD-NPL,DINESH,DINESH 3IN1,DINESH 3IN1-PPH 1000 GM,PLPCH,1000.000 GM,,,1000.0,GM,90.0,0,False,rejected
2021-12-31,202112,123455987,1640676811319,99762902.0,123,NEPAL GRAMODHYOG PVT LTD-NP,NEPAL GRAMODHYOG HERB YUKT,NEPAL GRAMODHYOG HERB YUKT\150\GM,20.0,PPH,150GM,New SKU,1640676811319-nepal gramodhyog pvt ltd-np-nepal gramodhyog herb yukt.png,RECODING,5,1,51611,129.51007,122,WASHING  POWDER-NP,WASHING POWDER,WASHING POWDER,NEPAL GRAMODHYOG PVT LTD-NP,NEPAL GRAMODHYOG,NEPAL GRAMODHYOG,NEPAL GRAMODHYOG-HERB YUKT ACTIVE PPH 500G,PLPCH,500.000 GM,,,500.0,GM,0.0,0,False,rejected
2022-01-12,202201,124768422,1640676811319,99762902.0,123,NEPAL GRAMODHYOG PVT LTD-NP,NEPAL GRAMODHYOG HERB YUKT,NEPAL GRAMODHYOG HERB YUKT\150\GM,20.0,PPH,150GM,New SKU,1640676811319-nepal gramodhyog pvt ltd-np-nepal gramodhyog herb yukt.png,RECODING,5,1,51611,129.51007,122,WASHING  POWDER-NP,WASHING POWDER,WASHING POWDER,NEPAL GRAMODHYOG PVT LTD-NP,NEPAL GRAMODHYOG,NEPAL GRAMODHYOG,NEPAL GRAMODHYOG-HERB YUKT ACTIVE PPH 500G,PLPCH,500.000 GM,,,500.0,GM,0.0,0,False,rejected
2021-12-31,202112,122528029,1640846311402,99762901.0,123,HIMGIRI SOAP & CHEMICALS-NEPAL,DHONI LAUNDRY SOAP,DHONI LAUNDRY SOAP \500\HM,100.0,PPH,500GM,New SKU,1640846311402-himgiri soap - chemicals-nepal-dhoni laundry soap.png,RECODING,5,3,49700,84.297485,122,WASHING  POWDER-NP,WASHING POWDER,WASHING POWDER,HIMGIRI SOAP & CHEMICALS-NEPAL,DHONI,DHONI,DHONI-LEMON & LAVENDER PPH 500 GM,PLPCH,500.000 GM,,,500.0,GM,0.0,3,True,high
2021-12-31,202112,122528029,1640846910886,99762423.0,122,R.M. CHEMICALS NEPAL,ACTIVE WHEEL 2 IN 1,ACTIVE WHEEL 2 IN 1\750\GM,75.0,PPH,750GM,New SKU,1640846910886-r-m- chemicals nepal-active wheel 2 in 1.png,CROSS CODING,2,1,50274,174.82018,122,WASHING  POWDER-NP,WASHING POWDER,WASHING POWDER,UNILEVER NEPAL LTD-NEPAL,WHEEL,WHEEL ACTIVE,WHEEL ACTIVE-2IN1 CLN FRS PPH 1000 GM+FR VIM BAR 85G,PLPCH,1000.000 GM,,,1000.0,GM,0.0,0,False,rejected
2021-12-31,202112,123582683,1640851670848,99762911.0,132,JASMINE HYGIENIC - NEPAL,CUDDLES PANTS OVER NIGHT,CUDDLES PANTS OVER NIGHT\52\ PCS,950.0,PPH,52PCS,New SKU,1640851670848-jasmine hygienic - nepal-cuddles pants over night.png,RECODING,5,1,99762911,142.14648,132,BABY DIAPER-NP,BABY DIAPER,BABY DIAPER,JASMINE HYGIENIC - NEPAL,CUDDLERS,CUDDLERS PANTS,CUDDLERS PANTS-OVERNITES MEDIUM (M) PPH 52 NOS,PLPCH,52.000 NO,,,52.0,NO,950.0,0,False,rejected
2022-01-12,202112,131558772,1640854266905,99762895.0,118,AQUA NEPAL BISLERI-NEPAL,HAYAT,AQUA ABE HAYAT PBT 1000 ML,25.0,PBT,1000 ML,Any other reason,1640854266905-aqua nepal bisleri-nepal-hayat.png,RECODING,5,1,99762895,133.52487,118,SOFT DRINKS-NP,PACKAGED WATER,PACKAGED WATER,AQUA NEPAL BISLERI-NEPAL,AQUA ABE HAYAT,AQUA ABE HAYAT,PET 1000 ML,PET,1000.000 ML,,,1000.0,ML,25.0,1,True,high
2021-12-31,202112,133176664,1640854266905,99762895.0,118,AQUA NEPAL BISLERI-NEPAL,HAYAT,AQUA ABE HAYAT PBT 1000 ML,25.0,PBT,1000 ML,,1640854266905-aqua nepal bisleri-nepal-hayat.png,RECODING,5,1,99762895,133.52487,118,SOFT DRINKS-NP,PACKAGED WATER,PACKAGED WATER,AQUA NEPAL BISLERI-NEPAL,AQUA ABE HAYAT,AQUA ABE HAYAT,PET 1000 ML,PET,1000.000 ML,,,1000.0,ML,25.0,1,True,high
2021-12-31,202112,126893914,1640860693761,99763004.0,123,SAPTARISHI SOAP INDS-NPL,RUCHI,RUCHI DETERGENT SOAP/100GM/EWP/SAPTARISHI SOAP INDS-NPL,10.0,EWP,100GM,,1640860693761-saptarishi soap inds-npl-ruchi.png,RECODING,5,1,99763004,125.540215,123,WASHING CAKE & DISHWASH BAR-NP,WASHING CAKE & DISHWASH BAR,WASHING CAKE,SAPTARISHI SOAP INDS-NPL,RUCHI,RUCHI,RUCHI-DETERGENT SOAP EWP 100 GM,EWRPK,100.000 GM,,,100.0,GM,10.0,1,True,high
2022-01-13,202201,132792028,1640860693761,99763004.0,123,SAPTARISHI SOAP INDS-NPL,RUCHI,RUCHI DETERGENT SOAP/100GM/EWP/SAPTARISHI SOAP INDS-NPL,10.0,EWP,100GM,,1640860693761-saptarishi soap inds-npl-ruchi.png,RECODING,5,1,99763004,125.540215,123,WASHING CAKE & DISHWASH BAR-NP,WASHING CAKE & DISHWASH BAR,WASHING CAKE,SAPTARISHI SOAP INDS-NPL,RUCHI,RUCHI,RUCHI-DETERGENT SOAP EWP 100 GM,EWRPK,100.000 GM,,,100.0,GM,10.0,1,True,high
2022-01-01,202112,124631722,1640934002886,99762904.0,123,MAHASHAKTI SOAP & CHEM.- NEPAL,DANFE,DANFE PURE SOAP/100GM/PPH,20.0,PPH,100GM ,,1640934002886-mahashakti soap - chem-- nepal-danfe.png,RECODING,5,1,99763647,106.39523,123,WASHING CAKE & DISHWASH BAR-NP,WASHING CAKE & DISHWASH BAR,WASHING CAKE,MAHASHAKTI SOAP & CHEM.- NEPAL,DANFE,DANFE,DANFE-PURE SOAP PPH 150 GM,PLPCH,150.000 GM,,,150.0,GM,30.0,1,True,high
2022-01-02,202112,114623002,1640935635806,99762907.0,123,GOLDEN STAR SOAP IND-NEPAL,HERO,HERO/100/GM/PPH,20.0,PPH,100 GM,,1640935635806-golden star soap ind-nepal-hero.png,RECODING,5,3,99762906,134.27657,123,WASHING CAKE & DISHWASH BAR-NP,WASHING CAKE & DISHWASH BAR,WASHING CAKE,GOLDEN STAR SOAP IND-NEPAL,HERO,HERO,HERO-PPH 100 GM,PLPCH,100.000 GM,,,100.0,GM,20.0,3,True,high
2022-01-02,202112,114623002,1640935728616,99762906.0,123,GOLDEN STAR SOAP IND-NEPAL,HERO,HERO/150/GM/PPH,30.0,PPH,150GM,,1640935728616-golden star soap ind-nepal-hero.png,RECODING,5,1,99762907,128.185,123,WASHING CAKE & DISHWASH BAR-NP,WASHING CAKE & DISHWASH BAR,WASHING CAKE,GOLDEN STAR SOAP IND-NEPAL,HERO,HERO,HERO-PPH 150 GM,PLPCH,150.000 GM,,,150.0,GM,30.0,1,True,high
2022-01-01,202112,124769721,1640937121342,99762899.0,122,NEPAL CHEM-NEPAL,SUN ULTRA,SUN ULTRA/200GM/PPH,20.0,PPH,200GM ,,1640937121342-nepal chem-nepal-sun ultra.png,RECODING,5,1,99762899,170.43623,122,WASHING  POWDER-NP,WASHING POWDER,WASHING POWDER,NEPAL CHEM-NEPAL,SUN ULTRA,SUN ULTRA,SUN ULTRA-DETERGENT POWDER PPH 200 GM,PLPCH,200.000 GM,,,200.0,GM,20.0,1,True,high
2022-01-01,202112,124769721,1640937296601,99762900.0,122,SNEHA SOAP & CHEMICAL INDUSTRIES-NEPAL,SNEHA'S NATURE,SNEHAS NATURE/DETERGENT POWDER/200GM/PPH,20.0,PPH,200GM ,,1640937296601-sneha soap - chemical industries-nepal-sneha-s nature.png,RECODING,5,1,99762900,74.52736,122,WASHING  POWDER-NP,WASHING POWDER,WASHING POWDER,SNEHA SOAP & CHEMICAL INDUSTRIES-NEPAL,SNEHA'S,SNEHA'S NATURE,SNEHA'S NATURE-PPH 200 GM,PLPCH,200.000 GM,,,200.0,GM,20.0,1,True,high
2022-01-01,202112,123453021,1640937304448,99762903.0,123,KWALITY CHEM PVT LTD-NEPAL,BISHAL 200GM,BISHAL \200\GM,40.0,PPH,200GM,New SKU,1640937304448-kwality chem pvt ltd-nepal-bishal 200gm.png,RECODING,5,1,47735,176.68086,120,TOILET SOAP-NP,TOILET SOAP,TOILET SOAP,KWALITY CHEM PVT LTD-NEPAL,GIV,GIV,GIV-EXCOTC BEAUTY DEO SOAP JASMNE PPH 35 GM,PLPCH,35.000 GM,,,35.0,GM,0.0,0,False,rejected
2022-01-01,202112,132325971,1640938482551,99762896.0,118,BHAIRAV DRINKING WATER-NEPAL,V.D.W,AQUA V.D.W ,25.0,PBT,1000 ML,,1640938482551-bhairav drinking water-nepal-v-d-w.png,RECODING,5,1,99762896,96.330864,118,SOFT DRINKS-NP,PACKAGED WATER,PACKAGED WATER,BHAIRAV DRINKING WATER-NEPAL,AQUA V.D.W,AQUA V.D.W,PET 1000 ML,PET,1000.000 ML,,,1000.0,ML,25.0,1,True,high
2022-01-01,202112,124769721,1640939408970,99762894.0,106,HIMADRI FOOD-NEPAL,PRAN KOKO,PRAN KOKO/MILK LOLLIPOP/10GM/PPH,5.0,PPH,10GM,,1640939408970-himadri food-nepal-pran koko.png,RECODING,5,1,99762894,97.8958,106,CONFECTIONERY-NP,LOLLIPOPS,LOLLIPOPS,HIMADRI FOOD-NEPAL,PRAN,PRAN KOKO,PRAN KOKO-MILK LOLLIPOP EWP 10 GM,EWRPK,10.000 GM,MILK,,10.0,GM,5.0,1,True,high
2022-01-01,202112,124769721,1640939643973,99762898.0,122,RSPL LTD-INDIA,GHADI,GHADI/125GM/PPH,16.0,PPH,125GM ,,1640939643973-rspl ltd-india-ghadi.png,RECODING,5,3,99762898,156.22507,122,WASHING  POWDER-NP,WASHING POWDER,WASHING POWDER,RSPL LTD-INDIA,GHADI,GHADI,GHADI-PPH 125 GMS,PLPCH,125.000 GM,,,125.0,GM,16.0,3,True,high
2022-01-02,202112,111741491,1640941085388,99762905.0,123,KARUNA SOAP & CHEMICALS-NEPAL,PALUWA,PALUWA/150/GM/,30.0,PPH,150 GM,,1640941085388-karuna soap - chemicals-nepal-paluwa.png,RECODING,5,1,92518350,122.45702,120,TOILET SOAP-NP,TOILET SOAP,TOILET SOAP,MAHASHAKTI SOAP & CHEM.- NEPAL,MAYALU,MAYALU BEAUTY SOAP,MAYALU BEAUTY SOAP-ORANGE PPH 15 GMS,PLPCH,15.000 GM,,,15.0,GM,0.0,0,False,rejected
2022-01-02,202112,111741491,1640941184298,99762903.0,123,KWALITY CHEM PVT LTD-NEPAL,NISHAN ,NISHAN/200/GM/PPH,40.0,PPH,200 GM,,1640941184298-kwality chem pvt ltd-nepal-nishan .png,RECODING,2,1,47735,176.73149,120,TOILET SOAP-NP,TOILET SOAP,TOILET SOAP,KWALITY CHEM PVT LTD-NEPAL,GIV,GIV,GIV-EXCOTC BEAUTY DEO SOAP JASMNE PPH 35 GM,PLPCH,35.000 GM,,,35.0,GM,0.0,0,False,rejected
2022-01-01,202112,128296706,1640941846703,99762891.0,123,RSPL LTD-INDIA,GHADI,GHADI/165GM/EWP,20.0,EWP,165GM,,1640941846703-rspl ltd-india-ghadi.png,CROSS CODING,2,1,48378,176.71822,122,WASHING  POWDER-NP,WASHING POWDER,WASHING POWDER,RSPL LTD-INDIA,GHADI,GHADI,GHADI-PPH 165 GMS,PLPCH,165.000 GM,,,165.0,GM,0.0,0,False,rejected
2022-01-01,202112,124567392,1640945156642,99762908.0,129,SYNOKEM PHARMACEUTICALS LTD INDIA ,I-FREE 72,I-FREE 72/1 NOS/CBP,80.0,CBP,1 NOS,,1640945156642-synokem pharmaceuticals ltd india -i-free 72.png,RECODING,5,1,99762908,143.12796,129,ORAL PILLS(FEMALE CONTRA.)-NP,ORAL PILLS(FEMALE CONTRA.),EMERGENCY PILLS,SYNOKEM PHARMACEUTICALS LTD-INDIA,I-FREE 72,I-FREE 72,I-FREE 72-CBP 1 NOS,CDBOX,1.000 NO,,,1.0,NO,80.0,1,True,high
2022-01-01,202112,124567392,1640945928931,99762909.0,130,ARSH ENTERPRISES-INDIA,XPRESSION ,XPRESSION/BANANA FLAVOUR/3 PCS/CBP,80.0,CBP,3 NOS,,1640945928931-arsh enterprises-india-xpression .png,RECODING,5,1,99762909,150.88611,130,CONDOM-NP,CONDOM,CONDOM,ARSH ENTERPRISES-INDIA,XPRESSION,XPRESSION,XPRESSION-BANANA CBP 3 NO,CDBOX,3.000 NO,,,3.0,NO,80.0,1,True,high
2022-01-03,202201,124916559,1641096872587,99762897.0,120,SHREE JAYAKALI JADIBUTI UDY-NP,OKHATI PAPAYA,OKHATI PAPAYA/WHITENING +SUNSCREEN/125GM/CBP,110.0,CBP,125GM ,,1641096872587-shree jayakali jadibuti udy-np-okhati papaya.png,RECODING,5,1,99762897,143.29674,120,TOILET SOAP-NP,TOILET SOAP,TOILET SOAP,SHREE JAYAKALI JADIBUTI UDY-NP,OKHATI,OKHATI PAPAYA,OKHATI PAPAYA-WHTNG SUNCRN CBP 125 GM,CDBOX,125.000 GM,,,125.0,GM,110.0,1,True,high
2022-01-03,202201,124916559,1641097734948,99762910.0,130,KAYMOND CONSUMER CARE LIMITED INDIA ,KAMASUTRA ,KAMASUTRA/MANGO FLAVOURED/10 NOS/CBP,180.0,CBP,10 NOS,,1641097734948-kaymond consumer care limited india -kamasutra .png,RECODING,5,1,99762910,157.92285,130,CONDOM-NP,CONDOM,CONDOM,RAYMOND CONSUMER CARE-INDIA,KAMASUTRA,KAMASUTRA DOTTED,KAMASUTRA DOTTED-MANGO CBP 10 NOS,CDBOX,10.000 NO,,,10.0,NO,180.0,0,False,rejected
2022-01-03,202201,124916559,1641098481322,99762912.0,132,KIMBERLY-CLARK-INDIA,HUGGIES WONDER PANTS COMFY,HUGGIES WONDER PANTS COMFY/XL/5 PANTS/PPH,160.0,PPH,5 NOS,,1641098481322-kimberly-clark-india-huggies wonder pants comfy.png,RECODING,5,1,99762912,92.14624,132,BABY DIAPER-NP,BABY DIAPER,BABY DIAPER,KIMBERLY-CLARK-INDIA,HUGGIES,HUGGIES WONDER PANTS COMFY,HUGGIES WONDER PANTS COMFY-EXTRA LARGE(XL) PPH 5 NOS,PLPCH,5.000 NO,,,5.0,NO,160.0,1,True,high
2022-01-03,202201,124916559,1641098721157,99762913.0,132,JASMINE HYGIENIC - NEPAL,SOFT &DRY PREMIUM PANTS ,SOFT & DRY PREMIUM PANTS/SMALL/5 PCS/PPH,80.0,PPH,5 NOS,,1641098721157-jasmine hygienic - nepal-soft -dry premium pants .png,RECODING,5,1,99762913,103.72772,132,BABY DIAPER-NP,BABY DIAPER,BABY DIAPER,JASMINE HYGIENIC - NEPAL,SOFT & DRY,SOFT & DRY,SOFT & DRY-PREMIUM PANTS SMALL (S) PPH 5 NOS,PLPCH,5.000 NO,,,5.0,NO,80.0,1,True,high
2022-01-03,202201,115069915,1641103178145,92927222.0,123,HIMGIRI HYGIENE PVT LTD-NEPAL,NIRMA,NIRMA /400/GM/PBT,55.0,PBT,400 GM,,1641103178145-himgiri hygiene pvt ltd-nepal-nirma.png,CROSS CODING,2,1,93025518,145.43518,122,WASHING  POWDER-NP,WASHING POWDER,WASHING POWDER,HIMGIRI SOAP & CHEMICALS-NEPAL,NIRMA,NIRMA,NIRMA-PPH 270 GMS,PLPCH,270.000 GM,,,270.0,GM,0.0,0,False,rejected
2022-01-04,202201,116640647,1641184992689,99762917.0,118,LUMBINI BEVERAGE-NEPAL,CUTE DEW ,CUTE DEW/250/ML/PBT,35.0,PBT,250 ML,,1641184992689-lumbini beverage-nepal-cute dew .png,RECODING,5,1,99762917,82.71587,118,SOFT DRINKS-NP,SOFT DRINKS,CARBONATED,LUMBINI BEVERAGE-NEPAL,CUTE,CUTE DEW,DEW PET 250 ML,PET,250.000 ML,LEMON,,250.0,ML,35.0,1,True,high
2022-01-07,202201,131065174,1641186790242,99762931.0,123,MAHASHAKTI SOAP & CHEM.- NEPAL,MAHASHAKTI,MAHASHAKTI\150GM\PPH\100%PURE WASHING  SOAP ,30.0,PPH,150GM,,1641186790242-mahashakti soap - chem-- nepal-mahashakti.png,RECODING,5,2,99762931,101.92816,123,WASHING CAKE & DISHWASH BAR-NP,WASHING CAKE & DISHWASH BAR,WASHING CAKE,MAHASHAKTI SOAP & CHEM.- NEPAL,MAHASHAKTI,MAHASHAKTI,MAHASHAKTI-PPH 150 GM,PLPCH,150.000 GM,,,150.0,GM,30.0,2,True,high
2022-01-04,202201,124302976,1641189482313,99762424.0,122,R.M. CHEMICALS NEPAL,ACTIVE WHEEL 2IN 1,ACTIVE WHEEL 2 IN 1\200\GM,20.0,PPH,200GM,,1641189482313-r-m- chemicals nepal-active wheel 2in 1.png,CROSS CODING,2,1,50274,176.76599,122,WASHING  POWDER-NP,WASHING POWDER,WASHING POWDER,UNILEVER NEPAL LTD-NEPAL,WHEEL,WHEEL ACTIVE,WHEEL ACTIVE-2IN1 CLN FRS PPH 1000 GM+FR VIM BAR 85G,PLPCH,1000.000 GM,,,1000.0,GM,0.0,0,False,rejected
2022-01-04,202201,124382843,1641189482313,99762424.0,122,R.M. CHEMICALS NEPAL,ACTIVE WHEEL 2IN 1,ACTIVE WHEEL 2 IN 1\200\GM,20.0,PPH,200GM,New SKU,1641189482313-r-m- chemicals nepal-active wheel 2in 1.png,CROSS CODING,2,1,50274,176.76599,122,WASHING  POWDER-NP,WASHING POWDER,WASHING POWDER,UNILEVER NEPAL LTD-NEPAL,WHEEL,WHEEL ACTIVE,WHEEL ACTIVE-2IN1 CLN FRS PPH 1000 GM+FR VIM BAR 85G,PLPCH,1000.000 GM,,,1000.0,GM,0.0,0,False,rejected
2022-01-07,202201,124559840,1641189482313,99762424.0,122,R.M. CHEMICALS NEPAL,ACTIVE WHEEL 2IN 1,ACTIVE WHEEL 2 IN 1\200\GM,20.0,PPH,200GM,New SKU,1641189482313-r-m- chemicals nepal-active wheel 2in 1.png,CROSS CODING,2,1,50274,176.76599,122,WASHING  POWDER-NP,WASHING POWDER,WASHING POWDER,UNILEVER NEPAL LTD-NEPAL,WHEEL,WHEEL ACTIVE,WHEEL ACTIVE-2IN1 CLN FRS PPH 1000 GM+FR VIM BAR 85G,PLPCH,1000.000 GM,,,1000.0,GM,0.0,0,False,rejected
2022-01-12,202201,124768422,1641189482313,99762424.0,122,R.M. CHEMICALS NEPAL,ACTIVE WHEEL 2IN 1,ACTIVE WHEEL 2 IN 1\200\GM,20.0,PPH,200GM,New SKU,1641189482313-r-m- chemicals nepal-active wheel 2in 1.png,CROSS CODING,2,1,50274,176.76599,122,WASHING  POWDER-NP,WASHING POWDER,WASHING POWDER,UNILEVER NEPAL LTD-NEPAL,WHEEL,WHEEL ACTIVE,WHEEL ACTIVE-2IN1 CLN FRS PPH 1000 GM+FR VIM BAR 85G,PLPCH,1000.000 GM,,,1000.0,GM,0.0,0,False,rejected
2022-01-10,202201,125732947,1641189482313,99762424.0,122,R.M. CHEMICALS NEPAL,ACTIVE WHEEL 2IN 1,ACTIVE WHEEL 2 IN 1\200\GM,20.0,PPH,200GM,New SKU,1641189482313-r-m- chemicals nepal-active wheel 2in 1.png,CROSS CODING,2,1,50274,176.76599,122,WASHING  POWDER-NP,WASHING POWDER,WASHING POWDER,UNILEVER NEPAL LTD-NEPAL,WHEEL,WHEEL ACTIVE,WHEEL ACTIVE-2IN1 CLN FRS PPH 1000 GM+FR VIM BAR 85G,PLPCH,1000.000 GM,,,1000.0,GM,0.0,0,False,rejected
2022-01-08,202201,125938071,1641189482313,99762424.0,122,R.M. CHEMICALS NEPAL,ACTIVE WHEEL 2IN 1,ACTIVE WHEEL 2 IN 1\200\GM,20.0,PPH,200GM,New SKU,1641189482313-r-m- chemicals nepal-active wheel 2in 1.png,CROSS CODING,2,1,50274,176.76599,122,WASHING  POWDER-NP,WASHING POWDER,WASHING POWDER,UNILEVER NEPAL LTD-NEPAL,WHEEL,WHEEL ACTIVE,WHEEL ACTIVE-2IN1 CLN FRS PPH 1000 GM+FR VIM BAR 85G,PLPCH,1000.000 GM,,,1000.0,GM,0.0,0,False,rejected
2022-01-04,202201,112104137,1641190905954,99762916.0,118,RAMRI FOOD & BEVERAGE PVT LTD,RAMRI ,RAMRI/1000/ML/PBT,25.0,PBT,1000 ML ,,1641190905954-ramri food - beverage pvt ltd-ramri .png,RECODING,5,1,99762916,148.71136,118,SOFT DRINKS-NP,PACKAGED WATER,PACKAGED WATER,RAMRI FOOD & BEVERAGE-NEPAL,RAMRI,RAMRI,PET 1000 ML,PET,1000.000 ML,,,1000.0,ML,25.0,1,True,high
2022-01-04,202201,115343342,1641190905954,99762916.0,118,RAMRI FOOD & BEVERAGE PVT LTD,RAMRI ,RAMRI/1000/ML/PBT,25.0,PBT,1000 ML ,,1641190905954-ramri food - beverage pvt ltd-ramri .png,RECODING,5,1,99762916,148.71136,118,SOFT DRINKS-NP,PACKAGED WATER,PACKAGED WATER,RAMRI FOOD & BEVERAGE-NEPAL,RAMRI,RAMRI,PET 1000 ML,PET,1000.000 ML,,,1000.0,ML,25.0,1,True,high
2022-01-11,202201,425724410118,1641190905954,99762916.0,118,RAMRI FOOD & BEVERAGE PVT LTD,RAMRI ,RAMRI/1000/ML/PBT,25.0,PBT,1000 ML ,,1641190905954-ramri food - beverage pvt ltd-ramri .png,RECODING,5,1,99762916,148.71136,118,SOFT DRINKS-NP,PACKAGED WATER,PACKAGED WATER,RAMRI FOOD & BEVERAGE-NEPAL,RAMRI,RAMRI,PET 1000 ML,PET,1000.000 ML,,,1000.0,ML,25.0,1,True,high
2022-01-04,202201,124382843,1641193661920,99762915.0,111,DABUR NEPAL LTD.-NEPAL,DABUR AMLA ALOEVERA,DABUR AMLA ALOEVERA\90\ML,80.0,PPH,90ML,New SKU,1641193661920-dabur nepal ltd--nepal-dabur amla aloevera.png,RECODING,5,1,99762915,117.2401,111,HAIR OIL-NP,HAIR OIL,NON COCONUT OIL,DABUR NEPAL LTD.-NEPAL,DABUR,DABUR AMLA,DABUR AMLA-ALOEVERA PBT 90 ML,PLBOT,90.000 ML,,,90.0,ML,80.0,1,True,high
2022-01-04,202201,111909057,1641194436225,99762918.0,122,KWALITY CHEM PVT LTD-NEPAL,DIAL, KWALITY DIAL/500GM,75.0,PPH,500GM,,1641194436225-kwality chem pvt ltd-nepal-dial.png,RECODING,5,3,99762918,166.71054,122,WASHING  POWDER-NP,WASHING POWDER,WASHING POWDER,KWALITY CHEM PVT LTD-NEPAL,DIAL,DIAL,DIAL-XTRA CLEAN DETERGENT POWDER PPH 500 GM,PLPCH,500.000 GM,,,500.0,GM,75.0,3,True,high
2022-01-04,202201,124382843,1641195806424,54776.0,122,R.M. CHEMICALS NEPAL,ACTIVE WHEEL 2 IN 1,ACTIVE WHEEL 2 IN 1\1000\GM,105.0,PPH,1000GM,New SKU,1641195806424-r-m- chemicals nepal-active wheel 2 in 1.png,CROSS CODING,2,1,93020386,174.99657,122,WASHING  POWDER-NP,WASHING POWDER,WASHING POWDER,UNILEVER NEPAL LTD-NEPAL,WHEEL,WHEEL ACTIVE,WHEEL ACTIVE-PPH 135 GMS,PLPCH,135.000 GM,,,135.0,GM,0.0,0,False,rejected
2022-01-04,202201,113111788,1641197986128,99762914.0,106,NEBICO PVT LTD-NEPAL,NEBICO POP STICK,NEBICO POP STICK\8\GM,5.0,PPH,8 GM,,1641197986128-nebico pvt ltd-nepal-nebico pop stick.png,RECODING,5,2,99762914,149.02258,106,CONFECTIONERY-NP,LOLLIPOPS,LOLLIPOPS,NEBICO PVT LTD-NEPAL,NEBICO,NEBICO POP STIX,NEBICO POP STIX-CARAMEL EWP 8 GM,EWRPK,8.000 GM,CARAMEL,,8.0,GM,5.0,2,True,high
2022-01-04,202201,124956421,1641202385669,99762945.0,123,HIMGIRI HYGIENE PVT LTD-NEPAL,DRINK 200G GM,DRUK\200\GM,40.0,200GM,PPH,New SKU,1641202385669-himgiri hygiene pvt ltd-nepal-drink 200g gm.png,RECODING,5,1,20123820,165.59312,118,SOFT DRINKS-NP,SOFT DRINKS,NON-CARBONATED,RIJAL TASHI IND. PVT LTD-NEPAL,DRUK,DRUK,POMEGRANATE CAN 240 ML,CAN,240.000 ML,POMEGRANATE,,240.0,ML,0.0,0,False,rejected
2022-01-05,202201,124621587,1641268699310,99762920.0,111,SESA CARE P LTD INDIA ,SESA,SESA AYURVEDIC/100ML/PBT,270.0,PBT,100ML,,1641268699310-sesa care p ltd india -sesa.png,RECODING,5,1,99762920,139.50417,111,HAIR OIL-NP,HAIR OIL,NON COCONUT OIL,SESA CARE PVT. LTD-INDIA,SESA,SESA AYURVEDIC,SESA AYURVEDIC-PBT 100 ML,PLBOT,100.000 ML,,,100.0,ML,270.0,1,True,high
2022-01-05,202201,124621587,1641269472859,99762919.0,111,EMAMI LTD. -INDIA,EMAMI KESH KING,EMAMI KESH KING/SCALP AND HAIR MEDICINE/50ML/PBT,128.0,PBT,50ML,,1641269472859-emami ltd- -india-emami kesh king.png,RECODING,5,1,99762919,66.61108,111,HAIR OIL-NP,HAIR OIL,NON COCONUT OIL,EMAMI LTD. -INDIA,EMAMI,EMAMI KESH KING,EMAMI KESH KING-SCALP HAIR MEDICID PBT 50 ML,PLBOT,50.000 ML,,,50.0,ML,128.0,1,True,high
2022-01-07,202201,130187486,1641269472859,99762919.0,111,EMAMI LTD. -INDIA,EMAMI KESH KING,EMAMI KESH KING/SCALP AND HAIR MEDICINE/50ML/PBT,128.0,PBT,50ML,,1641269472859-emami ltd- -india-emami kesh king.png,RECODING,5,1,99762919,66.61108,111,HAIR OIL-NP,HAIR OIL,NON COCONUT OIL,EMAMI LTD. -INDIA,EMAMI,EMAMI KESH KING,EMAMI KESH KING-SCALP HAIR MEDICID PBT 50 ML,PLBOT,50.000 ML,,,50.0,ML,128.0,1,True,high
2022-01-07,202201,130220517,1641269472859,99762919.0,111,EMAMI LTD. -INDIA,EMAMI KESH KING,EMAMI KESH KING/SCALP AND HAIR MEDICINE/50ML/PBT,128.0,PBT,50ML,,1641269472859-emami ltd- -india-emami kesh king.png,RECODING,5,1,99762919,66.61108,111,HAIR OIL-NP,HAIR OIL,NON COCONUT OIL,EMAMI LTD. -INDIA,EMAMI,EMAMI KESH KING,EMAMI KESH KING-SCALP HAIR MEDICID PBT 50 ML,PLBOT,50.000 ML,,,50.0,ML,128.0,1,True,high
2022-01-05,202201,124621587,1641270289458,99762921.0,117,UNILEVER NEPAL LTD-NEPAL,DOVE NUTRITIVE SOLUTIONS ,DOVE NUTRITIVE SOLUTIONS/DAILY SHINE/175ML/PBT,165.0,PBT,175ML,,1641270289458-unilever nepal ltd-nepal-dove nutritive solutions .png,RECODING,5,3,99762921,89.54877,117,SHAMPOO-NP,SHAMPOO,BOTTLE,UNILEVER NEPAL LTD-NEPAL,DOVE,DOVE NUTRITIVE SOLUTIONS,DOVE NUTRITIVE SOLUTIONS-DAILY SHINE PBT 175 ML,PLBOT,175.000 ML,,,175.0,ML,165.0,3,True,high
2022-01-05,202201,124621587,1641271652495,99762933.0,132,PROCTER & GAMBLE - INDIA,PAMPERS,PAMPERS BABY DRY PANTS/LOTION WITH ALOE VERA/SMALL/4 PANTS/PPH,65.0,PPH,4 PANTS ,,1641271652495-procter - gamble - india-pampers.png,RECODING,5,1,99762584,84.36134,132,BABY DIAPER-NP,BABY DIAPER,BABY DIAPER,PROCTER & GAMBLE - INDIA,PAMPERS,PAMPERS,PAMPERS-BABY DRY PANTS-MEDIUM(M)PPH 76 NOS,PLPCH,76.000 NO,,,76.0,NO,1838.0,1,True,high
2022-01-05,202201,124866555,1641278203189,99762930.0,123,HIMGIRI HYGIENE PVT LTD-NEPAL,TIKA,TIKA LAUNDRY SOAP/250Ã—4GM/PPH,200.0,PPH,250Ã—4GM,,1641278203189-himgiri hygiene pvt ltd-nepal-tika.png,RECODING,5,1,99762930,117.32419,123,WASHING CAKE & DISHWASH BAR-NP,WASHING CAKE & DISHWASH BAR,WASHING CAKE,HIMGIRI HYGIENE PVT LTD-NEPAL,TIKA,TIKA,TIKA-LAUNDRY SOAP PPH 250 GM*4 NOS(1000GM),PLPCH,250.000 GM,,,1000.0,GM,200.0,1,True,high
2022-01-07,202201,128840459,1641278203189,99762930.0,123,HIMGIRI HYGIENE PVT LTD-NEPAL,TIKA,TIKA LAUNDRY SOAP/250Ã—4GM/PPH,200.0,PPH,250Ã—4GM,,1641278203189-himgiri hygiene pvt ltd-nepal-tika.png,RECODING,5,1,99762930,117.32419,123,WASHING CAKE & DISHWASH BAR-NP,WASHING CAKE & DISHWASH BAR,WASHING CAKE,HIMGIRI HYGIENE PVT LTD-NEPAL,TIKA,TIKA,TIKA-LAUNDRY SOAP PPH 250 GM*4 NOS(1000GM),PLPCH,250.000 GM,,,1000.0,GM,200.0,1,True,high
2022-01-05,202201,124866555,1641278324621,99762929.0,123,HIMGIRI HYGIENE PVT LTD-NEPAL,TIKA,TIKA LAUNDRY SOAP/250GM/PPH,50.0,PPH,250GM,,1641278324621-himgiri hygiene pvt ltd-nepal-tika.png,RECODING,5,2,99762929,112.938034,123,WASHING CAKE & DISHWASH BAR-NP,WASHING CAKE & DISHWASH BAR,WASHING CAKE,HIMGIRI HYGIENE PVT LTD-NEPAL,TIKA,TIKA,TIKA-LAUNDRY SOAP PPH 250 GM,PLPCH,250.000 GM,,,250.0,GM,50.0,2,True,high
2022-01-05,202201,124866555,1641278526612,99762928.0,123,HIMGIRI HYGIENE PVT LTD-NEPAL,TIKA,TIKA LAUNDRY SOAP/200GM/PPH,40.0,PPH,200GM,,1641278526612-himgiri hygiene pvt ltd-nepal-tika.png,RECODING,5,1,99762928,112.71642,123,WASHING CAKE & DISHWASH BAR-NP,WASHING CAKE & DISHWASH BAR,WASHING CAKE,HIMGIRI HYGIENE PVT LTD-NEPAL,TIKA,TIKA,TIKA-LAUNDRY SOAP PPH 200 GM,PLPCH,200.000 GM,,,200.0,GM,40.0,1,True,high
2022-01-05,202201,124866555,1641278717746,99762901.0,123,HIMGIRI HYGIENE PVT LTD-NEPAL,DHONI ,DHONI LAUNDRY SOAP/500GM/PPH,100.0,PPH,500GM,,1641278717746-himgiri hygiene pvt ltd-nepal-dhoni .png,RECODING,5,1,93020576,85.38731,122,WASHING  POWDER-NP,WASHING POWDER,WASHING POWDER,HIMGIRI SOAP & CHEMICALS-NEPAL,DHONI,DHONI,DHONI- PPH 400 GMS,PLPCH,400.000 GM,,,400.0,GM,0.0,0,False,rejected
2022-01-07,202201,128840459,1641278717746,99762901.0,123,HIMGIRI HYGIENE PVT LTD-NEPAL,DHONI ,DHONI LAUNDRY SOAP/500GM/PPH,100.0,PPH,500GM,,1641278717746-himgiri hygiene pvt ltd-nepal-dhoni .png,RECODING,5,1,93020576,85.38731,122,WASHING  POWDER-NP,WASHING POWDER,WASHING POWDER,HIMGIRI SOAP & CHEMICALS-NEPAL,DHONI,DHONI,DHONI- PPH 400 GMS,PLPCH,400.000 GM,,,400.0,GM,0.0,0,False,rejected
2022-01-05,202201,124866555,1641278876592,99762923.0,122,DINESH SOAP & HOUSEHOLD-NPL,DINESH SHAKTI ,DINESH SHAKTI/DETERGENT POWDER/1000GM/PPH,125.0,PPH,1000GM ,,1641278876592-dinesh soap - household-npl-dinesh shakti .png,RECODING,5,2,99762923,75.13613,122,WASHING  POWDER-NP,WASHING POWDER,WASHING POWDER,DINESH SOAP & HOUSEHOLD-NPL,DINESH,DINESH SHAKTI,DINESH SHAKTI-PPH 1000 GM,PLPCH,1000.000 GM,,,1000.0,GM,125.0,2,True,high
2022-01-05,202201,124866555,1641279176676,99762927.0,123,HIMGIRI HYGIENE PVT LTD-NEPAL,TIKA ,TIKA LAUNDRY SOAP/150GM/PPH,30.0,PPH,150GM ,,1641279176676-himgiri hygiene pvt ltd-nepal-tika .png,RECODING,5,1,99762927,109.98981,123,WASHING CAKE & DISHWASH BAR-NP,WASHING CAKE & DISHWASH BAR,WASHING CAKE,HIMGIRI HYGIENE PVT LTD-NEPAL,TIKA,TIKA,TIKA-LAUNDRY SOAP PPH 150 GM,PLPCH,150.000 GM,,,150.0,GM,30.0,1,True,high
2022-01-05,202201,124866555,1641279794741,99762924.0,122,DEUTI SOAP & CHEMICAL-NEPAL,YASHODA,YASHODA DETERGENT POWDER/1000GM/PPH,100.0,PPH,1000GM ,,1641279794741-deuti soap - chemical-nepal-yashoda.png,RECODING,5,2,99762924,82.263725,122,WASHING  POWDER-NP,WASHING POWDER,WASHING POWDER,DEUTI SOAP & CHEMICAL-NEPAL,YASHODA,YASHODA,YASHODA-QUICK WASH PPH 1000 GM,PLPCH,1000.000 GM,,,1000.0,GM,100.0,2,True,high
2022-01-05,202201,124866555,1641280036408,99762935.0,132,KATYANI ENTERPRISES PVT.LTD NEPAL ,DIFUR DREAMZ PANT ,DIFUR DREAMZ PANT/SMALL/5 PANT/PPH,100.0,PPH,5 PANTS ,,1641280036408-katyani enterprises pvt-ltd nepal -difur dreamz pant .png,RECODING,5,1,99762935,167.14774,132,BABY DIAPER-NP,BABY DIAPER,BABY DIAPER,DREAMAX HEALTH CARE PVT LTD-IN,DIFUR,DIFUR DREAMZ PANT,DIFUR DREAMZ PANT-SMALL(S)PPH 5 NOS,PLPCH,5.000 NO,,,5.0,NO,100.0,0,False,rejected
2022-01-05,202201,124329527,1641281924613,99762932.0,123,MAHASHAKTI SOAP & CHEM.- NEPAL,MALA300GM,MALA\300\GM,50.0,PPH,300GM,New SKU,1641281924613-mahashakti soap - chem-- nepal-mala300gm.png,RECODING,5,1,54330,99.37085,120,TOILET SOAP-NP,TOILET SOAP,TOILET SOAP,MAHASHAKTI SOAP & CHEM.- NEPAL,MAYALU,MAYALU BEAUTY SOAP,MAYALU BEAUTY SOAP-JASMINE PPH 12 GM,PLPCH,12.000 GM,,,12.0,GM,0.0,0,False,rejected
2022-01-05,202201,124329527,1641282306855,99762922.0,122,YS SOAP INDUSTRIESL,YS NAMASTE5000GM,YS NAMASTE\5000\GM,500.0,PPH,5000GM,New SKU,1641282306855-ys soap industriesl-ys namaste5000gm.png,RECODING,5,2,99762922,137.14618,122,WASHING  POWDER-NP,WASHING POWDER,WASHING POWDER,YS SOAP INDUSTRIES-NEPAL,YS,YS NAMASTE,YS NAMASTE-PPH 5000 GM,PLPCH,5000.000 GM,,,5000.0,GM,500.0,2,True,high
2022-01-05,202201,113186075,1641284575841,99762934.0,132,HARCHAND RAY & SON,HI-Q PULL UPS,HI-Q\5\NOS,100.0,PPH,5 NOS,,1641284575841-harchand ray - son-hi-q pull ups.png,RECODING,5,2,99762934,181.30925,132,BABY DIAPER-NP,BABY DIAPER,BABY DIAPER,HARCHAND RAY & SONS-NEPAL,HI-Q,HI-Q,HI-Q-PULL-UPS SMALL(S)PPH 5 NOS,PLPCH,5.000 NO,,,5.0,NO,100.0,2,True,high
2022-01-05,202201,126777247,1641287339756,99762931.0,123,MAHASHAKTI SOAP & CHEM.- NEPAL,MAHASHAKTI,MAHASHAKTI PURE SOAP/150GM/PPH,30.0,PPH,150GM ,,1641287339756-mahashakti soap - chem-- nepal-mahashakti.png,RECODING,5,1,54330,97.00847,120,TOILET SOAP-NP,TOILET SOAP,TOILET SOAP,MAHASHAKTI SOAP & CHEM.- NEPAL,MAYALU,MAYALU BEAUTY SOAP,MAYALU BEAUTY SOAP-JASMINE PPH 12 GM,PLPCH,12.000 GM,,,12.0,GM,0.0,0,False,rejected
2022-01-05,202201,126777247,1641287598733,99762925.0,122,HIMGIRI HYGIENE PVT LTD-NEPAL,XTRAA! ACTIVE ,XTRAA! ACTIVE_DETERGENT POWDER/1000GM/PPH,100.0,PPH,1000GM ,,1641287598733-himgiri hygiene pvt ltd-nepal-xtraa- active .png,RECODING,5,1,99762925,80.80985,122,WASHING  POWDER-NP,WASHING POWDER,WASHING POWDER,HIMGIRI HYGIENE PVT LTD-NEPAL,XTRAA,XTRAA ACTIVE,XTRAA ACTIVE-DETERGENT POWDER PPH 1000 GM,PLPCH,1000.000 GM,,,1000.0,GM,100.0,1,True,high
2022-01-05,202201,116663950,1641288994083,99762926.0,123,DINESH SOAP & HOUSEHOLD-NPL,SHILPA GOLD,SHILPA GOLD/150/GM/PPH,30.0,PPH,150 GM,,1641288994083-dinesh soap - household-npl-shilpa gold.png,RECODING,5,1,99762926,107.51639,123,WASHING CAKE & DISHWASH BAR-NP,WASHING CAKE & DISHWASH BAR,WASHING CAKE,DINESH SOAP & HOUSEHOLD-NPL,SHILPA GOLD,SHILPA GOLD,SHILPA GOLD-PPH 150 GM,PLPCH,150.000 GM,,,150.0,GM,30.0,1,True,high
2022-01-07,202201,129020606,1641356301817,99762939.0,120,UNILEVER NEPAL LTD-NEPAL,LIFE BUOY,LIFE BUOY\95GM\EWP\TOTAL PORFECT ACTIVE SILVER SAVE RS.12.00 PACK OF 4NOSX95GM,120.0,EWP,95GM,,1641356301817-unilever nepal ltd-nepal-life buoy.png,RECODING,5,1,99762939,110.96998,120,TOILET SOAP-NP,TOILET SOAP,TOILET SOAP,UNILEVER NEPAL LTD-NEPAL,LIFE BUOY,LIFE BUOY TOTAL,LIFE BUOY TOTAL-ACTIV SILVER EWP 4*95 GM+SAVE RS12,EWRPK,95.000 GM,,,380.0,GM,140.0,1,True,high
2022-01-07,202201,130000703,1641356301817,99762939.0,120,UNILEVER NEPAL LTD-NEPAL,LIFE BUOY,LIFE BUOY\95GM\EWP\TOTAL PORFECT ACTIVE SILVER SAVE RS.12.00 PACK OF 4NOSX95GM,120.0,EWP,95GM,,1641356301817-unilever nepal ltd-nepal-life buoy.png,RECODING,5,1,99762939,110.96998,120,TOILET SOAP-NP,TOILET SOAP,TOILET SOAP,UNILEVER NEPAL LTD-NEPAL,LIFE BUOY,LIFE BUOY TOTAL,LIFE BUOY TOTAL-ACTIV SILVER EWP 4*95 GM+SAVE RS12,EWRPK,95.000 GM,,,380.0,GM,140.0,1,True,high
2022-01-08,202201,130646198,1641356301817,99762939.0,120,UNILEVER NEPAL LTD-NEPAL,LIFE BUOY,LIFE BUOY\95GM\EWP\TOTAL PORFECT ACTIVE SILVER SAVE RS.12.00 PACK OF 4NOSX95GM,120.0,EWP,95GM,,1641356301817-unilever nepal ltd-nepal-life buoy.png,RECODING,5,1,99762939,110.96998,120,TOILET SOAP-NP,TOILET SOAP,TOILET SOAP,UNILEVER NEPAL LTD-NEPAL,LIFE BUOY,LIFE BUOY TOTAL,LIFE BUOY TOTAL-ACTIV SILVER EWP 4*95 GM+SAVE RS12,EWRPK,95.000 GM,,,380.0,GM,140.0,1,True,high
2022-01-06,202201,126240640,1641359420813,51862.0,123,RYNA SOAP & CHEMICAL-NPL,RYNA GHADI WASHING POWER,RYAN GHADI WASHING POWER\250\GM,20.0,PPH,250GM,New SKU,1641359420813-ryna soap - chemical-npl-ryna ghadi washing power.png,CROSS CODING,2,1,51862,79.34607,122,WASHING  POWDER-NP,WASHING POWDER,WASHING POWDER,RYNA SOAP & CHEMICAL-NPL,RYNA,RYNA GHADI,RYNA GHADI-PPH 250 GM,PLPCH,250.000 GM,,,250.0,GM,0.0,1,True,high
2022-01-07,202201,117185654,1641359697388,99762924.0,122,DEUTI SOAP & CHEMICAL-NEPAL,YASHODA,YASHODA-QUICK WASH 1000 GM,100.0,PPH,1000 GM,,1641359697388-deuti soap - chemical-nepal-yashoda.png,RECODING,5,2,99762924,73.83887,122,WASHING  POWDER-NP,WASHING POWDER,WASHING POWDER,DEUTI SOAP & CHEMICAL-NEPAL,YASHODA,YASHODA,YASHODA-QUICK WASH PPH 1000 GM,PLPCH,1000.000 GM,,,1000.0,GM,100.0,2,True,high
2022-01-06,202201,125792418,1641361324391,99762937.0,122,UNIQUE SOAP & CHEMICAL INDUSTRIES,SUPER ULTRA DETERGENT POWER,SUPER ULTRA DETERGENT POWER\250\GM,20.0,PPH,250 GM,New SKU,1641361324391-unique soap - chemical industries-super ultra detergent power.png,RECODING,5,1,99762937,151.34802,122,WASHING  POWDER-NP,WASHING POWDER,WASHING POWDER,UNIQUE SOAP & CHEMICAL IND.-NEPAL,SUPER ULTRA,SUPER ULTRA,SUPER ULTRA-DETERGENT POWDER PPH 250 GM,PLPCH,250.000 GM,,,250.0,GM,20.0,1,True,high
2022-01-07,202201,117185654,1641362552002,54541.0,110,LOREAL INDIA - INDIA,GARNIER BLACK NATURALS,GARNIER COLOR NATURALS- 3.16 BURGUNDY PBT 70 ML + 60 GM,290.0,PBT,70 ML + 60 GM,,1641362552002-loreal india - india-garnier black naturals.png,CROSS CODING,2,1,91927555,123.202896,110,HAIR DYES-NP,CREAM,BASIC CREAM,LOREAL INDIA - INDIA,GARNIER,GARNIER BLACK NATURALS,GARNIER BLACK NATURALS-3.16 BURGUNDY-COLORENT 20G,PLPCH,40.000 GM,,BURGUNDY,40.0,GM,0.0,0,False,rejected
2022-01-07,202201,130187486,1641368742158,99762941.0,121,COLGATE PALMOLIVE INDIA ,COLGATE MAX FRESH GEL,COLGATE MAX FRESH/RED GEL COOLING CRYSTALS/19GM/TUBE/FREE 15% EXTRA ,16.0,TUBE ,19GM,,1641368742158-colgate palmolive india -colgate max fresh gel.png,RECODING,5,1,99762941,104.26391,121,TOOTH PASTE-NP,TOOTH PASTE,GEL,COLGATE PALMOLIVE- NEPAL,COLGATE,COLGATE MAX FRESH GEL,COLGATE MAX FRESH GEL-RED COOLING CRYST TUB 19GM+15% EXTRA,TUBE,19.000 GM,,,22.0,GM,16.0,1,True,high
2022-01-07,202201,117347037,1641370886875,99762966.0,123,KWALITY CHEM PVT LTD-NEPAL,123 POWER,123 POWER-PPH 500 GM ,100.0,PPH,500 GM,,1641370886875-kwality chem pvt ltd-nepal-123 power.png,RECODING,5,1,47111,182.16501,122,WASHING  POWDER-NP,WASHING POWDER,WASHING POWDER,KWALITY CHEM PVT LTD-NEPAL,READY,READY,READY-COMPLETE CLEAN PPH 120 GM,PLPCH,120.000 GM,,,120.0,GM,0.0,0,False,rejected
2022-01-10,202201,132326871,1641370886875,99762966.0,123,KWALITY CHEM PVT LTD-NEPAL,123 POWER,123 POWER-PPH 500 GM ,100.0,PPH,500 GM,,1641370886875-kwality chem pvt ltd-nepal-123 power.png,RECODING,5,1,47111,182.16501,122,WASHING  POWDER-NP,WASHING POWDER,WASHING POWDER,KWALITY CHEM PVT LTD-NEPAL,READY,READY,READY-COMPLETE CLEAN PPH 120 GM,PLPCH,120.000 GM,,,120.0,GM,0.0,0,False,rejected
2022-01-07,202201,117347037,1641370996400,99762944.0,123,NAMASTE S.I (P)-NEPAL,DARSHAN,DARSHAN - PPH 200 GM,40.0,PPH,200 GM,,1641370996400-namaste s-i -p--nepal-darshan.png,RECODING,5,1,99762599,170.85461,124,GUTKA,GUTKA,GUTKA,MAHASHAKTI GUTKHA UDHYOG-NEPAL,YUB,YUB PARAG,2.3G GUTKA,PLAST,2.3G,REGULAR,,2.3,GM,5.0,0,False,rejected
2022-01-07,202201,124559840,1641371335677,99762936.0,123,SHIVA SHAKTI SOAP - NEPAL,ALFA DETERGENT,ALFA DETERGENT\100\GM,10.0,PPH,100GM,New SKU,1641371335677-shiva shakti soap - nepal-alfa detergent.png,RECODING,5,1,47114,119.61577,122,WASHING  POWDER-NP,WASHING POWDER,WASHING POWDER,SHIVA SHAKTI SOAP - NEPAL,ALFA,ALFA,ALFA-DETERGEN POWDER PPH  275 GM,PLPCH,275.000 GM,,,275.0,GM,0.0,0,False,rejected
2022-01-06,202201,125956671,1641371335677,99762936.0,123,SHIVA SHAKTI SOAP - NEPAL,ALFA DETERGENT,ALFA DETERGENT\100\GM,100.0,PPH,100GM,New SKU,1641371335677-shiva shakti soap - nepal-alfa detergent.png,RECODING,5,1,47114,118.28271,122,WASHING  POWDER-NP,WASHING POWDER,WASHING POWDER,SHIVA SHAKTI SOAP - NEPAL,ALFA,ALFA,ALFA-DETERGEN POWDER PPH  275 GM,PLPCH,275.000 GM,,,275.0,GM,0.0,0,False,rejected
2022-01-08,202201,130258315,1641374748748,99762955.0,120,HINDUSTAN UNILEVER LTD-INDIA,LUX VELVET GLOW,LUX VELVET GLOW/JASMINE &VITAMIN E/100GM/EWP,40.0,EWP,100GM ,,1641374748748-hindustan unilever ltd-india-lux velvet glow.png,RECODING,5,3,99762955,124.048546,120,TOILET SOAP-NP,TOILET SOAP,TOILET SOAP,HINDUSTAN UNILEVER LTD-INDIA,LUX,LUX VELVET GLOW,LUX VELVET GLOW-JASMINE & VITAMIN E EWP 100 GM,EWRPK,100.000 GM,,,100.0,GM,40.0,3,True,high
2022-01-13,202201,132792028,1641383049435,99762901.0,123,HIMGIRI HYGIENE PVT LTD-NEPAL,DHONI,DHONI/500GM/PPH/HIMGIRI HYGIENE PVT LTD-NEPAL,100.0,PPH,500GM,,1641383049435-himgiri hygiene pvt ltd-nepal-dhoni.png,RECODING,5,2,99763160,130.6253,122,WASHING  POWDER-NP,WASHING POWDER,WASHING POWDER,HIMGIRI HYGIENE PVT LTD-NEPAL,DHONI,DHONI ULTRA,DHONI ULTRA-PPH 500 GM,PLPCH,500.000 GM,,,500.0,GM,75.0,2,True,high
2022-01-13,202201,129024572,1641451372959,99762975.0,111,MARICO BANGLADESH LTD-BANGLADESH,PARACHUTE,PARACHUTE 100% PURE COCONUT OIL,45.0,,,,1641451372959-marico bangladesh ltd-bangladesh-parachute.png,RECODING,5,2,99762975,65.90514,111,HAIR OIL-NP,HAIR OIL,COCONUT OIL,MARICO BANGLADESH LTD-BANGLADESH,PARACHUTE,PARACHUTE,PARACHUTE-100% PURE COCONUT OIL PBT 45 ML,PLBOT,45.000 ML,,,45.0,ML,45.0,2,True,high
2022-01-07,202201,128840459,1641451615354,99762943.0,123,DEUTI SOAP & CHEMICAL-NEPAL,YASHODA ,YASHODA LAUNDRY SOAP/200GM/PPH,40.0,PPH,200GM ,,1641451615354-deuti soap - chemical-nepal-yashoda .png,RECODING,5,1,99762649,85.74044,122,WASHING  POWDER-NP,WASHING POWDER,WASHING POWDER,DEUTI SOAP & CHEMICAL-NEPAL,YASHODA,YASHODA,YASHODA-QUICK WASH PPH 200 GM,PLPCH,200.000 GM,,,200.0,GM,20.0,0,False,rejected
2022-01-07,202201,128840459,1641451805492,99762946.0,123,KWALITY CHEM PVT LTD-NEPAL,123 POWER,123 POWER/PERFUME LAUNDRY SOAP/150GM/PPH,30.0,PPH,150GM ,,1641451805492-kwality chem pvt ltd-nepal-123 power.png,RECODING,5,1,51224,125.45995,122,WASHING  POWDER-NP,WASHING POWDER,WASHING POWDER,KWALITY SOAPS & CHEM. - NEPAL,123,123,123-PPH 3000 GM,PLPCH,3000.000 GM,,,3000.0,GM,0.0,0,False,rejected
2022-01-07,202201,128840459,1641452705282,99762940.0,120,PT MEGASURYA MAS- INDONESIA,LARK BEAUTY SOAP,LARK BEAUTY SOAP/PEARL EXTRACT/150GM/EWP,100.0,EWP,150GM ,,1641452705282-pt megasurya mas- indonesia-lark beauty soap.png,RECODING,5,1,99762940,85.351135,120,TOILET SOAP-NP,TOILET SOAP,TOILET SOAP,PT MEGASURYA MAS- INDONESIA,LARK,LARK BEAUTY SOAP,LARK BEAUTY SOAP-PEARL EXTRACT EWP 150 GM,EWRPK,150.000 GM,,,150.0,GM,100.0,1,True,high
2022-01-08,202201,125781260,1641455757819,99762962.0,123,BABA SOAP INDUSTRIES - NEPAL,DOLPHIN,DOLPHIN\300\GM,50.0,PPH,300GM,New SKU,1641455757819-baba soap industries - nepal-dolphin.png,RECODING,5,3,99762962,163.13405,123,WASHING CAKE & DISHWASH BAR-NP,WASHING CAKE & DISHWASH BAR,WASHING CAKE,BABA SOAP INDUSTRIES - NEPAL,DOLPHIN,DOLPHIN,DOLPHIN-LAUNDRY SOAP PPH 300 GM,PLPCH,300.000 GM,,,300.0,GM,50.0,3,True,high
2022-01-07,202201,128840459,1641455948325,99762942.0,122,HINDUSTAN UNILEVER LTD-INDIA,SURF EXCEL,SURF EXCEL/EASY WASH/500GM/PPH,100.0,PPH,500GM ,,1641455948325-hindustan unilever ltd-india-surf excel.png,RECODING,5,2,99762942,90.62265,122,WASHING  POWDER-NP,WASHING POWDER,WASHING POWDER,HINDUSTAN UNILEVER LTD-INDIA,SURF,SURF EXCEL,SURF EXCEL-EASY WASH PPH 500 GM,PLPCH,500.000 GM,,,500.0,GM,100.0,2,True,high
2022-01-08,202201,125781260,1641455966638,99762956.0,122,GOPAL SOAP INDUSTRIES - NEPAL,V- SERIES,V-SERIES ORANGE & LEMON\200\GM,20.0,PPH,200GM,New SKU,1641455966638-gopal soap industries - nepal-v- series.png,RECODING,5,1,51133,113.5103,122,WASHING  POWDER-NP,WASHING POWDER,WASHING POWDER,GOPAL SOAP INDUSTRIES - NEPAL,V SERIES,V SERIES,V SERIES-ORANGE & LEMON-PPH 225 GM,PLPCH,225.000 GM,,,225.0,GM,0.0,0,False,rejected
2022-01-07,202201,128840459,1641457955878,91927560.0,110,GODREJ CONSUMER PRODUCTS-INDIA,GODREJ NUPUR HENNA,GODREJ NUPUR HENNA/100% PURE HENNA/25GM/PPH,10.0,PPH,25GM,,1641457955878-godrej consumer products-india-godrej nupur henna.png,CROSS CODING,2,3,91927560,132.64264,110,HAIR DYES-NP,MEHENDI/HEENA,MEHENDI/HEENA,GODREJ CONSUMER PRODUCTS-INDIA,GODREJ,GODREJ NUPUR HENNA,GODREJ NUPUR HENNA-SILKY & SHINY HAIR GOODNESS 9 HERBS-PPH 25G,PLPCH,25.000 GM,,UNSPECIFIED,25.0,GM,0.0,3,True,high
2022-01-07,202201,128840459,1641458284608,99762938.0,111,MARICO BANGLADESH LTD-BANGLADESH,PARACHUTE,PARACHUTE/100% PURE COCONUT OIL/450ML/PCN,390.0,CAN,450ML,,1641458284608-marico bangladesh ltd-bangladesh-parachute.png,RECODING,5,1,99762938,56.466286,111,HAIR OIL-NP,HAIR OIL,COCONUT OIL,MARICO BANGLADESH LTD-BANGLADESH,PARACHUTE,PARACHUTE,PARACHUTE-100% PURE COCONUT OIL PCN 450 ML,PLJAR,450.000 ML,,,450.0,ML,390.0,1,True,high
2022-01-08,202201,124370981,1641520004102,99762908.0,129,SYNOKEM PHARMACEUTICALS LTD INDIA,I - FREE 72,I-FREE 72 \ 1 \ STRIP,80.0,1 STRIP,EWP,New SKU,1641520004102-synokem pharmaceuticals ltd india-i - free 72.png,RECODING,5,1,99762908,183.17801,129,ORAL PILLS(FEMALE CONTRA.)-NP,ORAL PILLS(FEMALE CONTRA.),EMERGENCY PILLS,SYNOKEM PHARMACEUTICALS LTD-INDIA,I-FREE 72,I-FREE 72,I-FREE 72-CBP 1 NOS,CDBOX,1.000 NO,,,1.0,NO,80.0,1,True,high
2022-01-08,202201,130646198,1641533460337,99762950.0,106,AMBER CONFECTIONERY-INDIA,AMBER,AMBER LYCHEE\3GM\PPH\ TWIST FLAVOUR CANDY ,1.0,PPH,3GM,,1641533460337-amber confectionery-india-amber.png,RECODING,5,1,99762950,78.96497,106,CONFECTIONERY-NP,HARD BOILED CANDIES,HARD BOILED CANDIES,AMBER CONFECTIONERY-INDIA,AMBER,AMBER,AMBER-LYCHEE TWIST PPH 3 GM,PLPCH,3.000 GM,LYCHEE,,3.0,GM,1.0,1,True,high
2022-01-10,202201,125732947,1641533687560,99762965.0,123,HIMGIRI HYGIENE PVT LTD-NEPAL,BIJAYA SUPER,BIJAYA SUPER\250\GM,40.0,PPH,250GM,New SKU,1641533687560-himgiri hygiene pvt ltd-nepal-bijaya super.png,RECODING,5,1,99764468,171.45944,122,WASHING  POWDER-NP,WASHING POWDER,WASHING POWDER,HIMGIRI HYGIENE PVT LTD-NEPAL,DHONI,DHONI,DHONI-ULTRA CONCENTRATED DET.POWDER PPH 700 GM,PLPCH,700.000 GM,,,700.0,GM,110.0,0,False,rejected
2022-01-08,202201,130375892,1641534356239,99762953.0,120,HINDUSTAN UNILEVER LTD-INDIA,LIFEBUOY ,LIFEBUOY/100% STRONGER GERM PROTECTION/4Ã—58GM/EWP,20.0,EWP,4Ã—58GM,,1641534356239-hindustan unilever ltd-india-lifebuoy .png,RECODING,5,2,99762953,153.59016,120,TOILET SOAP-NP,TOILET SOAP,TOILET SOAP,HINDUSTAN UNILEVER LTD-INDIA,LIFE BUOY,LIFE BUOY,LIFE BUOY-GERM PROTECTION SILVER SHLD EWP 4*58GM,EWRPK,58.000 GM,,,232.0,GM,65.0,2,True,high
2022-01-08,202201,130403386,1641534356239,99762953.0,120,HINDUSTAN UNILEVER LTD-INDIA,LIFEBUOY ,LIFEBUOY/100% STRONGER GERM PROTECTION/4Ã—58GM/EWP,64.0,EWP,4Ã—58GM,,1641534356239-hindustan unilever ltd-india-lifebuoy .png,RECODING,5,2,99762953,154.30164,120,TOILET SOAP-NP,TOILET SOAP,TOILET SOAP,HINDUSTAN UNILEVER LTD-INDIA,LIFE BUOY,LIFE BUOY,LIFE BUOY-GERM PROTECTION SILVER SHLD EWP 4*58GM,EWRPK,58.000 GM,,,232.0,GM,65.0,2,True,high
2022-01-08,202201,130403386,1641534746986,99762954.0,120,VVF LTD - INDIA,JO SPARKLING FRESH ,JO SPARKLING FRESH/LIME/100GM/EWP/BUY 3 GET 2 FREE,144.0,RWP,100GM ,,1641534746986-vvf ltd - india-jo sparkling fresh .png,RECODING,5,1,99762954,122.86032,120,TOILET SOAP-NP,TOILET SOAP,TOILET SOAP,VVF LTD - INDIA,JO,JO,JO-LIME SPARKLING FRESH EWP 5*100 GM+BUY 3 GET 2 FREE,EWRPK,100.000 GM,,,500.0,GM,145.0,0,False,rejected
2022-01-08,202201,130252197,1641535291475,99762964.0,123,GOPAL N PRODUCT-NEPAL,ANKUR ,ANKUR LAUNDRY SOAP/250GM/PPH,50.0,PPH,250GM ,,1641535291475-gopal n product-nepal-ankur .png,RECODING,5,1,93060767,128.90288,122,WASHING  POWDER-NP,WASHING POWDER,WASHING POWDER,GOPAL SOAP INDUSTRIES - NEPAL,V SERIES,V SERIES GOLD,V SERIES GOLD-PPH 350 GMS+7ML DABUR VATIKA HE CRE,PLPCH,350.000 GM,,,350.0,GM,0.0,0,False,rejected
2022-01-08,202201,130403386,1641535291475,99762964.0,123,GOPAL N PRODUCT-NEPAL,ANKUR ,ANKUR LAUNDRY SOAP/250GM/PPH,50.0,PPH,250GM ,,1641535291475-gopal n product-nepal-ankur .png,RECODING,5,1,93060767,128.90288,122,WASHING  POWDER-NP,WASHING POWDER,WASHING POWDER,GOPAL SOAP INDUSTRIES - NEPAL,V SERIES,V SERIES GOLD,V SERIES GOLD-PPH 350 GMS+7ML DABUR VATIKA HE CRE,PLPCH,350.000 GM,,,350.0,GM,0.0,0,False,rejected
2022-01-08,202201,130403386,1641535520742,99762967.0,123,WONDER HYGIENE PRODUCTS-INDIA ,RUBB ANTI-BACTERIAL ,RUBB ANTI-BACTERIAL/LEMON & PUDINA FRAGRANCE/500GM/PCN,75.0,PCN,500GM ,,1641535520742-wonder hygiene products-india -rubb anti-bacterial .png,RECODING,5,1,99762967,126.455376,123,WASHING CAKE & DISHWASH BAR-NP,WASHING CAKE & DISHWASH BAR,DISHWASH BAR,WONDER HYGIENE PRODUCT-INDIA,RUBB,RUBB,RUBB-ANTI BACTERIAL LEMON & PUDINA PCN 500 GM,PLJAR,500.000 GM,,,500.0,GM,75.0,1,True,high
2022-01-08,202201,128643540,1641536334283,99762963.0,123,SIRMAUR SOAP AND ALLIED PRODUCTS PVT LTD,JIWAN GOLD,JIWAN GOLD\100\GM,16.0,PPH,100GM,,1641536334283-sirmaur soap and allied products pvt ltd-jiwan gold.png,RECODING,5,1,99762963,153.58014,123,WASHING CAKE & DISHWASH BAR-NP,WASHING CAKE & DISHWASH BAR,WASHING CAKE,SIRMAUR SOAP FACTORY-INDIA,JIWAN GOLD,JIWAN GOLD,JIWAN GOLD-LAUNDRY SOAP PPH 100 GM,PLPCH,100.000 GM,,,100.0,GM,16.0,1,True,high
2022-01-08,202201,128643540,1641536618727,99762957.0,122,HINDUSTAN UNILEVER LTD-INDIA,SURF EXCEL,SURF EXCEL\85\GM,20.0,PPH,85GM,,1641536618727-hindustan unilever ltd-india-surf excel.png,RECODING,5,1,99763430,127.30356,122,WASHING  POWDER-NP,WASHING POWDER,WASHING POWDER,HINDUSTAN UNILEVER LTD-INDIA,SURF,SURF EXCEL,SURF EXCEL-EASY WASH PPH 80 GM,PLPCH,80.000 GM,,,80.0,GM,20.0,1,True,high
2022-01-08,202201,131065176,1641538065660,99762961.0,123,SATYAM INDUSTRIES-INDIA,TOWER,TOWER\150GM\EWP\JUMBO LAUNDRY SOAP +25GM FREE,25.0,EWP,150GM,,1641538065660-satyam industries-india-tower.png,RECODING,5,1,99762961,126.55532,123,WASHING CAKE & DISHWASH BAR-NP,WASHING CAKE & DISHWASH BAR,WASHING CAKE,SATYAM INDUSTRIES-INDIA,TOWER,TOWER JUMBO,TOWER JUMBO-LAUNDRY SOAP PPH 150 GM+25GM,PLPCH,150.000 GM,,,175.0,GM,25.0,1,True,high
2022-01-11,202201,122117535,1641538383256,99762969.0,132,SMART SURGIMED ENTERPRISES NEPAL,SOFT LITE,SOFT LITE BABY POKO PULLUPS\L 9-14KG\44PCS\SMART SURGIMED ENTERPRISES NEPAL,100.0,PPH,4PCS,,1641538383256-smart surgimed enterprises nepal-soft lite.png,RECODING,5,1,99762969,109.15349,132,BABY DIAPER-NP,BABY DIAPER,BABY DIAPER,SMART SURGIMADE ENTERPRISES-NP,SOFT LITE,SOFT LITE BABY POKO PULLUPS,SOFT LITE BABY POKO PULLUPS-LARGE(L) PPH 4 NOS,PLPCH,4.000 NO,,,4.0,NO,100.0,1,True,high
2022-01-08,202201,131065176,1641538661596,99762424.0,122,UNILEVER NEPAL LTD-NEPAL,WHEEL 2 IN 1,WHEEL ACTIVE\200GM\PPH\2 IN 1 CLEAN&FRESH,20.0,PPH,200GM,,1641538661596-unilever nepal ltd-nepal-wheel 2 in 1.png,CROSS CODING,2,1,99762424,115.48441,122,WASHING  POWDER-NP,WASHING POWDER,WASHING POWDER,UNILEVER NEPAL LTD-NEPAL,WHEEL,WHEEL ACTIVE,WHEEL ACTIVE-2IN1 CLEAN FRESH PPH 200 GM,PLPCH,200.000 GM,,,200.0,GM,20.0,1,True,high
2022-01-08,202201,131065176,1641539866759,99762947.0,106,ALKA AYURVEDIC PVT.LTD INDIA,COOLSA,COOLSA\2.5GM\PPH\COUGH DROPS GINGER ,0.8,PPH,2.5GM,,1641539866759-alka ayurvedic pvt-ltd india-coolsa.png,RECODING,5,1,99762947,104.954926,106,CONFECTIONERY-NP,COUGH LOZENGES,COUGH LOZENGES,ALKA AYURVEDIC PVT LTD-INDIA,COOLSA,COOLSA COUGH DROPS,COOLSA COUGH DROPS- GINGER PPH 2.5 GM,PLPCH,2.500 GM,GINGER,,2.5,GM,1.0,1,True,high
2022-01-08,202201,131065176,1641540051863,99762948.0,106,ALKA AYURVEDIC PVT.LTD INDIA,COOLSA,COOLSA\2.5GM\PPH\COUGH DROPS MENTHOL,0.8,PPH,2.5GM,,1641540051863-alka ayurvedic pvt-ltd india-coolsa.png,RECODING,5,1,99762948,94.63017,106,CONFECTIONERY-NP,COUGH LOZENGES,COUGH LOZENGES,ALKA AYURVEDIC PVT LTD-INDIA,COOLSA,COOLSA COUGH DROPS,COOLSA COUGH DROPS- MENTHOL PPH 2.5 GM,PLPCH,2.500 GM,MENTHOL,,2.5,GM,1.0,1,True,high
2022-01-08,202201,131065176,1641540162945,99762949.0,106,ALKA AYURVEDIC PVT.LTD INDIA,COOLSA,COOLSA\2.5GM\PPH\COUGH DROPS HONEY,0.8,PPH,2.5GM,,1641540162945-alka ayurvedic pvt-ltd india-coolsa.png,RECODING,5,1,99762949,103.08268,106,CONFECTIONERY-NP,COUGH LOZENGES,COUGH LOZENGES,ALKA AYURVEDIC PVT LTD-INDIA,COOLSA,COOLSA COUGH DROPS,COOLSA COUGH DROPS- HONEY PPH 2.5 GM,PLPCH,2.500 GM,HONEY,,2.5,GM,1.0,1,True,high
2022-01-08,202201,130220638,1641544075664,99762951.0,117,HINDUSTAN UNILEVER INDIA ,DOVE NUTRITIVE SOLUTIONS ,DOVE NUTRITIVE SOLUTIONS/DAILY SHINE/4.2ML/SCT/40% EXTRA,4.0,SCT,4.2ML,,1641544075664-hindustan unilever india -dove nutritive solutions .png,RECODING,5,1,99762951,90.767654,117,SHAMPOO-NP,SHAMPOO,SACHET,HINDUSTAN UNILEVER LTD-INDIA,DOVE,DOVE NUTRITIVE SOLUTIONS,DOVE NUTRITIVE SOLUTIONS-DAILY SHINE SCT 4.2 ML+40% EXTRA,PLSCH,4.200 ML,,,6.0,ML,4.0,1,True,high
2022-01-08,202201,130220638,1641544343495,99762959.0,122,SONY SOAP INDUSTRIES NEPAL ,SONA BRIGHT ,SONA BRIGHT/GOLD-MATRIC/50GM/PPH,20.0,PPH,50GM,,1641544343495-sony soap industries nepal -sona bright .png,RECODING,5,1,99762959,130.2749,122,WASHING  POWDER-NP,WASHING POWDER,WASHING POWDER,SONY SOAP INDUSTRIES-NEPAL ,SONA BRIGHT,SONA BRIGHT,SONA BRIGHT-GOLD MATRIC PPH 50 GM,PLPCH,50.000 GM,,,50.0,GM,20.0,1,True,high
2022-01-08,202201,130220638,1641545895541,99762958.0,122,SONY SOAP INDUSTRIES NEPAL ,SONA 2IN1 BRIGHT ,SONA BRIGHT/2IN1/750GM/PPH,75.0,PPH,750GM,,1641545895541-sony soap industries nepal -sona 2in1 bright .png,RECODING,5,2,99762958,129.1228,122,WASHING  POWDER-NP,WASHING POWDER,WASHING POWDER,SONY SOAP INDUSTRIES-NEPAL ,SONA BRIGHT,SONA BRIGHT,SONA BRIGHT-2 IN 1 PPH 750 GM,PLPCH,750.000 GM,,,750.0,GM,75.0,2,True,high
2022-01-11,202201,128823642,1641546124518,99762968.0,106,PEPPE NUTRIRIONS .PVT.LTD INDIA,HOPPIN GOLD ,HOPPIN GOLD COFFEE\4.5GM\EWP\PEPPE NUTRITIONS.PVT.LTD INDIA,3.0,EWP,4.5GM,,1641546124518-peppe nutririons -pvt-ltd india-hoppin gold .png,RECODING,5,1,99762968,123.49595,106,CONFECTIONERY-NP,HARD BOILED CANDIES,HARD BOILED CANDIES,PEPPE NUTRITIONS PVT LTD-IND,HOPPIN,HOPPIN GOLD COFFEE,HOPPIN GOLD COFFEE- PPH 4.5 GM,PLPCH,4.500 GM,COFFEE,,4.5,GM,3.0,1,True,high
2022-01-11,202201,125730187,1641546658179,99762597.0,123,KARUNA SOAP & CHEMICALS-NEPAL,DHARTI 200 GM,DHARTI\200\GM,40.0,PPH,200GM,New SKU,1641546658179-karuna soap - chemicals-nepal-dharti 200 gm.png,CROSS CODING,2,1,51301,131.67188,120,TOILET SOAP-NP,TOILET SOAP,TOILET SOAP,MAHASHAKTI SOAP & CHEM.- NEPAL,ICARE,ICARE,ICARE-HEALTH SOAP TOTAL EWP 70 GM,EWRPK,70.000 GM,,,70.0,GM,0.0,0,False,rejected
2022-01-12,202201,125728874,1641703096851,99762993.0,123,GANAPATI VANASPATI PVT LTD-NP,SAFARI 300GM,SAFARI\300\GM,50.0,PPH,300GM,New SKU,1641703096851-ganapati vanaspati pvt ltd-np-safari 300gm.png,RECODING,5,1,99765437,217.52762,124,GUTKA,GUTKA,GUTKA,BALAJI UDHYOG PVT LTD-NEPAL,VARDAN,VARDAN,3.75G GUTKA,PLAST,3.75G,REGULAR,,3.75,GM,10.0,0,False,rejected
2022-01-12,202201,125728874,1641703251168,99762992.0,123,PUJA SOAP & HOUSEHOLD PROD-NPL,SELFY 500 GM,SEFLY\500\GM,100.0,PPH,500GM,New SKU,1641703251168-puja soap - household prod-npl-selfy 500 gm.png,RECODING,5,1,99762992,126.99646,123,WASHING CAKE & DISHWASH BAR-NP,WASHING CAKE & DISHWASH BAR,WASHING CAKE,PUJA SOAP & HOUSEHOLD PROD-NPL,SELFY,SELFY,SELFY-LAUNDRY SOAP PPH 3*167 GM [500GM],PLPCH,167.000 GM,,,500.0,GM,100.0,1,True,high
2022-01-12,202201,124768422,1641716094237,99762977.0,112,HINDUSTAN UNILEVER LTD-INDIA,HORLICKS CHOCOLATE DELIGHT,HORLICKS CHOCOLATE DELIGHT FLAVOUR\500\GM,400.0,500GM,PPH,New SKU,1641716094237-hindustan unilever ltd-india-horlicks chocolate delight.png,RECODING,5,1,99762977,106.58028,112,HEALTH FOOD DRINKS-NP,HEALTH FOOD DRINKS,BROWN,HINDUSTAN UNILEVER LTD-INDIA,HORLICKS,HORLICKS,HORLICKS-CHOCOLATE DELIGHT PCN 500 GM,PLJAR,500.000 GM,,,500.0,GM,400.0,1,True,high
2022-01-10,202201,132326871,1641720679489,99762901.0,123,HIMGIRI HYGIENE PVT LTD-NEPAL,DHONI,DHONI-LAUNDRY SOAP PPH 500 GM,100.0,PPH,500 GM,,1641720679489-himgiri hygiene pvt ltd-nepal-dhoni.png,RECODING,5,1,93020576,81.627464,122,WASHING  POWDER-NP,WASHING POWDER,WASHING POWDER,HIMGIRI SOAP & CHEMICALS-NEPAL,DHONI,DHONI,DHONI- PPH 400 GMS,PLPCH,400.000 GM,,,400.0,GM,0.0,0,False,rejected
2022-01-10,202201,132326871,1641721150458,99762960.0,132,A.G. HEALTH INDUSTRIES PVT LTD-NEPAL,SAGUN BABY POKO PANTS,SAGUN BABY POKO PANTS-MEDIUM(M) 36 NOS,800.0,PPH,MEDIUM ,,1641721150458-a-g- health industries pvt ltd-nepal-sagun baby poko pants.png,RECODING,5,1,99762960,66.18701,132,BABY DIAPER-NP,BABY DIAPER,BABY DIAPER,A.G. HEALTH INDUSTRIES PVT LTD-NEPAL,SAGUN BABY,SAGUN BABY POKO PANTS,SAGUN BABY POKO PANTS-MEDIUM(M) PPH 36 NOS,PLPCH,36.000 NO,,,36.0,NO,800.0,1,True,high
2022-01-11,202201,131048882,1641793400672,99762970.0,132,UNICHARM INDIA LTD-INDIA,MAMYPOKO PANTS,MAMYPOKO PANTS\42NOS\PPH\STANDARD CRISSCROSS SHEET,640.0,PPH,42NOS,,1641793400672-unicharm india ltd-india-mamypoko pants.png,RECODING,5,1,99762970,116.78917,132,BABY DIAPER-NP,BABY DIAPER,BABY DIAPER,UNICHARM INDIA LTD-INDIA,MAMYPOKO PANTS,MAMYPOKO PANTS,MAMYPOKO PANTS-STANDARD-SMALL(S) PPH 42 NOS,PLPCH,42.000 NO,,,42.0,NO,640.0,1,True,high
2022-01-13,202201,124067600,1641881113373,99762997.0,132,PAGODA INTERNATIONAL LTD-NPL,BABIES POKO PANTS,BARBIES POKO PANTS/MEDIUM/5 PCS/PPH,100.0,PPH,5 PCS ,,1641881113373-pagoda international ltd-npl-babies poko pants.png,RECODING,5,1,99762997,80.507126,132,BABY DIAPER-NP,BABY DIAPER,BABY DIAPER,PAGODA INTERNATIONAL LTD-NPL,BABIES POKO PANTS,BABIES POKO PANTS,BABIES POKO PANTS-SOFT & SECURE MEDIUM(M) PPH 5 NOS,PLPCH,5.000 NO,,,5.0,NO,100.0,1,True,high
2022-01-12,202201,425723810130,1641881183767,99762999.0,132,JASMINE HYGIENIC - NEPAL,SOFT LOVE,SOFT LOVE/4+1/PCS/L/SIZE/PPH,100.0,PPH,LARGE SIZE,,1641881183767-jasmine hygienic - nepal-soft love.png,RECODING,5,1,99762999,153.62352,132,BABY DIAPER-NP,BABY DIAPER,BABY DIAPER,JASMINE HYGIENIC - NEPAL,SOFTLOVE,SOFTLOVE,SOFTLOVE-PANT STYLE DIAPER LARGE(L) PPH 4+1NOS,PLPCH,4.000 NO,,,5.0,NO,100.0,1,True,high
2022-01-12,202201,425723810130,1641881519426,99762988.0,122,CHIRANJIVI DETERGENT & SOAP-NP,STARJET GHADI,STARJET GHADI/2500/GM/PPH/,220.0,PPH,2500 GM,,1641881519426-chiranjivi detergent - soap-np-starjet ghadi.png,RECODING,5,1,99762988,78.519424,122,WASHING  POWDER-NP,WASHING POWDER,WASHING POWDER,CHIRANJIVI DETERGENT & SOAP-NP,STARJET GHADI,STARJET GHADI,STARJET GHADI-DETERGENT POWD PPH 2500G,PLPCH,2500.000 GM,,,2500.0,GM,220.0,1,True,high
2022-01-12,202201,425723810105,1641882600767,99762998.0,132,JASMINE HYGIENIC - NEPAL,SOFT LOVE,SOFT LOVE/4+1/PCS/M/AIZE/PPH,100.0,PPH,MEDIUM SIZE,,1641882600767-jasmine hygienic - nepal-soft love.png,RECODING,5,1,48245,155.03789,116,SANITARY NAPKIN-NP,SANITARY NAPKIN,SANITARY NAPKIN,JASMINE HYGIENIC - NEPAL,SOFT LOVE,SOFT LOVE ULTRA,SOFT LOVE ULTRA-XL PPH 8 NOS,PLPCH,8.000 NO,,,8.0,NO,0.0,0,False,rejected
2022-01-12,202201,121565189,1641885655371,99762978.0,112,RIGHT INTL TRADERS PVT LTD-NEPAL ,FABVITA,FABVITA,300.0,PBT,500GM,,1641885655371-right intl traders pvt ltd-nepal -fabvita.png,RECODING,5,1,99762978,178.11502,112,HEALTH FOOD DRINKS-NP,HEALTH FOOD DRINKS,WHITE,RIGHT INTERNATIONAL TRADERS-NEPAL,FABVITA,FABVITA,FABVITA-REGULAR PCN 500 GM,PLJAR,500.000 GM,,,500.0,GM,300.0,1,True,high
2022-01-12,202201,527363110162,1641885998543,99762901.0,123,HIMGIRI HYGIENE PVT LTD-NEPAL,DHONI 100%,DHONI\500\GM,100.0,PPH,500GM,,1641885998543-himgiri hygiene pvt ltd-nepal-dhoni 100-.png,RECODING,5,3,99763160,149.74649,122,WASHING  POWDER-NP,WASHING POWDER,WASHING POWDER,HIMGIRI HYGIENE PVT LTD-NEPAL,DHONI,DHONI ULTRA,DHONI ULTRA-PPH 500 GM,PLPCH,500.000 GM,,,500.0,GM,75.0,3,True,high
2022-01-12,202201,128195317,1641886711372,99762983.0,118,SPRING FOOD & BEVERAGE-NEPAL,PREETI,PREETI LITCHI/140ML,20.0,PBT,140 ML,,1641886711372-spring food - beverage-nepal-preeti.png,RECODING,5,1,99762983,83.31399,118,SOFT DRINKS-NP,SOFT DRINKS,NON-CARBONATED,SPRING FOOD & BEVERAGE-NEPAL,PREETI,PREETI,LITCHI PET 140 ML,PET,140.000 ML,LYCHEE,,140.0,ML,20.0,1,True,high
2022-01-15,202201,128809535,1641886711372,99762983.0,118,SPRING FOOD & BEVERAGE-NEPAL,PREETI,PREETI LITCHI/140ML,20.0,PBT,140 ML,,1641886711372-spring food - beverage-nepal-preeti.png,RECODING,5,1,99762983,83.31399,118,SOFT DRINKS-NP,SOFT DRINKS,NON-CARBONATED,SPRING FOOD & BEVERAGE-NEPAL,PREETI,PREETI,LITCHI PET 140 ML,PET,140.000 ML,LYCHEE,,140.0,ML,20.0,1,True,high
2022-01-13,202201,123131763,1641896529331,99762994.0,123,RSPL LTD-INDIA,GHADI ,GHADI/DETERGENT CAKE/70GM/EWP,10.0,EWP,70GM,,1641896529331-rspl ltd-india-ghadi .png,RECODING,5,3,99762994,103.22146,123,WASHING CAKE & DISHWASH BAR-NP,WASHING CAKE & DISHWASH BAR,WASHING CAKE,RSPL LTD-INDIA,GHADI,GHADI,GHADI-DETERGENT CAKE EWP 70 GMS,EWRPK,70.000 GM,,,70.0,GM,10.0,3,True,high
2022-01-13,202201,123131763,1641896645354,99762995.0,123,RSPL LTD-INDIA,GHADI ,GHADI DETERGENT CAKE/160GM/EWP,20.0,EWP,160GM ,,1641896645354-rspl ltd-india-ghadi .png,RECODING,5,1,99762995,92.81453,123,WASHING CAKE & DISHWASH BAR-NP,WASHING CAKE & DISHWASH BAR,WASHING CAKE,RSPL LTD-INDIA,GHADI,GHADI,GHADI-DETERGENT CAKE EWP 160 GMS,EWRPK,160.000 GM,,,160.0,GM,20.0,1,True,high
2022-01-13,202201,123131763,1641898087979,99762986.0,120,UNILEVER NEPAL LTD-NEPAL,LIRIL,LIRIL LIME RUSH/4Ã—75GM/EWP/SAVE RS 10,110.0,EWP,4Ã—75GM,,1641898087979-unilever nepal ltd-nepal-liril.png,RECODING,5,3,99762986,130.89201,120,TOILET SOAP-NP,TOILET SOAP,TOILET SOAP,UNILEVER NEPAL LTD-NEPAL,LIRIL,LIRIL,LIRIL-LIME RUSH EWP 4*75 GM+SAV RS 10,EWRPK,75.000 GM,,,300.0,GM,110.0,3,True,high
2022-01-13,202201,123131763,1641899199553,99762989.0,122,GHARI CHEMICAL WORKS NEPAL ,HARAPATTA,HARAPATTA/GREENLEAF/3000GM/PPH,240.0,PPH,3000GM,,1641899199553-ghari chemical works nepal -harapatta.png,RECODING,5,2,99762989,170.06412,122,WASHING  POWDER-NP,WASHING POWDER,WASHING POWDER,GHARI CHEMICAL WORKS-NEPAL,HARAPATTA,HARAPATTA,HARAPATTA-PPH 3000 GMS,PLPCH,3000.000 GM,,,3000.0,GM,240.0,2,True,high
2022-01-13,202201,123875113,1641958736307,99762994.0,123,RSPL LTD-INDIA,GHADI,GHADI/70GM/EWP,10.0,EWP,70GM,,1641958736307-rspl ltd-india-ghadi.png,RECODING,5,1,93027362,172.43181,122,WASHING  POWDER-NP,WASHING POWDER,WASHING POWDER,RSPL LTD-INDIA,GHADI,GHADI,GHADI-PPH 70 GMS,PLPCH,70.000 GM,,,70.0,GM,0.0,0,False,rejected
2022-01-13,202201,121609101,1641968079261,99762971.0,106,SUJAL FOODS PVT LTD-NEPAL,SMART LOLLIPOP ,SMART LOLLYPOP PINEAPPLE ,5.0,PPH,10GM,,1641968079261-sujal foods pvt ltd-nepal-smart lollipop .png,RECODING,5,1,99762971,70.691086,106,CONFECTIONERY-NP,LOLLIPOPS,LOLLIPOPS,SUJAL FOODS PVT LTD-NEPAL,SMART,SMART LOLLYPOP,SMART LOLLYPOP-PINEAPPLE PPH 10 GM,PLPCH,10.000 GM,PINEAPPLE,,10.0,GM,5.0,1,True,high
2022-01-13,202201,124618740,1641968079261,99762971.0,106,SUJAL FOODS PVT LTD-NEPAL,SMART LOLLIPOP ,SMART LOLLYPOP PINEAPPLE ,5.0,PPH,10GM,,1641968079261-sujal foods pvt ltd-nepal-smart lollipop .png,RECODING,5,1,99762971,70.691086,106,CONFECTIONERY-NP,LOLLIPOPS,LOLLIPOPS,SUJAL FOODS PVT LTD-NEPAL,SMART,SMART LOLLYPOP,SMART LOLLYPOP-PINEAPPLE PPH 10 GM,PLPCH,10.000 GM,PINEAPPLE,,10.0,GM,5.0,1,True,high
2022-01-13,202201,124265451,1641970562805,99762979.0,116,CARE & COMFORT PRODUCTS NEPAL ,CARE & COMFORT ,CARE & COMFORT/REGULAR/7 PADS/PPH,45.0,PPH,7 PADS,,1641970562805-care - comfort products nepal -care - comfort .png,RECODING,5,1,99762979,125.576706,116,SANITARY NAPKIN-NP,SANITARY NAPKIN,SANITARY NAPKIN,CARE & COMFORT PRODUCTS-NEPAL,CARE & COMFORT,CARE & COMFORT,CARE & COMFORT-REGULAR PPH 7 NO,PLPCH,7.000 NO,,,7.0,NO,45.0,1,True,high
2022-01-14,202201,124265451,1641970562805,99762979.0,116,CARE & COMFORT PRODUCTS NEPAL ,CARE & COMFORT ,CARE & COMFORT/REGULAR/7 PADS/PPH,45.0,PPH,7 PADS,,1641970562805-care - comfort products nepal -care - comfort .png,RECODING,5,1,99762979,125.576706,116,SANITARY NAPKIN-NP,SANITARY NAPKIN,SANITARY NAPKIN,CARE & COMFORT PRODUCTS-NEPAL,CARE & COMFORT,CARE & COMFORT,CARE & COMFORT-REGULAR PPH 7 NO,PLPCH,7.000 NO,,,7.0,NO,45.0,1,True,high
2022-01-13,202201,124265451,1641971011905,99762996.0,132,SOFTY HYGIENE PVT LTD-NEPAL,SOFTY BABY PANT,SOFTY BABY PANT/M CRAWLER/4 PICES/PPH,90.0,PPH,4 PICES,,1641971011905-softy hygiene pvt ltd-nepal-softy baby pant.png,RECODING,5,1,99762996,86.3743,132,BABY DIAPER-NP,BABY DIAPER,BABY DIAPER,SOFTY HYGIENE PVT LTD-NEPAL,SOFTY,SOFTY BABY PANT,SOFTY BABY PANT-MEDIUM(M) PPH 4 NOS,PLPCH,4.000 NO,,,4.0,NO,90.0,1,True,high
2022-01-13,202201,123927752,1641971998882,99762985.0,120,GODREJ CONSUMER PRODUCTS-INDIA,NO 1 ,GODREJ/NO1 SANDAL TURMERIC/45GM/EWP,30.0,EWP,45 GM,,1641971998882-godrej consumer products-india-no 1 .png,RECODING,5,1,99762985,120.63747,120,TOILET SOAP-NP,TOILET SOAP,TOILET SOAP,GODREJ CONSUMER PRODUCTS-INDIA,GODREJ,GODREJ NO.1 BEAUTY SOAP,GODREJ NO.1 BEAUTY SOAP-SANDAL&TURMERIC EWP 45 GM,EWRPK,45.000 GM,,,45.0,GM,30.0,1,True,high
2022-01-13,202201,527374310035,1641982997935,99762972.0,106,SAGUN FOODS PVT LTD-NEPAL,FUNNY HALLZ,FUNNY HALLZ\3.1\GM,1.0,PPH,3.1GM,,1641982997935-sagun foods pvt ltd-nepal-funny hallz.png,RECODING,5,1,46527,119.347595,106,CONFECTIONERY-NP,TOFFEES,TOFFEES,SAGUN FOODS PVT LTD-NEPAL,FUNNY,FUNNY,FUNNY- PREMIUM SWEET PPH 2.2 GM,PLPCH,2.200 GM,UNSPECIFIED,,2.2,GM,0.0,0,False,rejected
2022-01-14,202201,222331710151,1642048313201,90221540.0,109,ZYDUS WELLNESS PRODUCTS LIMITED,GLUCON-D,GLUCON-D\500\GM,175.0,500GM,PPH,New SKU,1642048313201-zydus wellness products limited-glucon-d.png,CROSS CODING,2,1,99764167,114.98967,109,GLUCOSE POWDER-NP,GLUCOSE POWDER,GLUCOSE POWDER,ZYDUS WELLNESS-INDIA,GLUCON,GLUCON - D,GLUCON - D-REGULAR PCN 450 GM+50M+FREE SIPPER,PLJAR,450.000 GM,,,500.0,GM,175.0,0,False,rejected
2022-01-14,202201,222331710088,1642052356511,99762981.0,118,MUKUTESHWOR BEVRAGE P.LTD,SUNKOSHI,SUNKOSH DRINKING WATER \1000\ML,20.0,PPH,1000ML,New SKU,1642052356511-mukuteshwor bevrage p-ltd-sunkoshi.png,RECODING,5,1,99762981,139.23486,118,SOFT DRINKS-NP,PACKAGED WATER,PACKAGED WATER,MUKTESHWORI BEVERAGE-NEPAL,SUNKOSHI DROP,SUNKOSHI DROP,PET 1000 ML,PET,1000.000 ML,,,1000.0,ML,20.0,1,True,high
2022-01-14,202201,222331710112,1642052356511,99762981.0,118,MUKUTESHWOR BEVRAGE P.LTD,SUNKOSHI,SUNKOSH DRINKING WATER \1000\ML,20.0,PPH,1000ML,New SKU,1642052356511-mukuteshwor bevrage p-ltd-sunkoshi.png,RECODING,5,1,99762981,139.23486,118,SOFT DRINKS-NP,PACKAGED WATER,PACKAGED WATER,MUKTESHWORI BEVERAGE-NEPAL,SUNKOSHI DROP,SUNKOSHI DROP,PET 1000 ML,PET,1000.000 ML,,,1000.0,ML,20.0,1,True,high
2022-01-14,202201,222331810120,1642052356511,99762981.0,118,MUKUTESHWOR BEVRAGE P.LTD,SUNKOSHI,SUNKOSH DRINKING WATER \1000\ML,20.0,PPH,1000ML,New SKU,1642052356511-mukuteshwor bevrage p-ltd-sunkoshi.png,RECODING,5,1,99762981,139.23486,118,SOFT DRINKS-NP,PACKAGED WATER,PACKAGED WATER,MUKTESHWORI BEVERAGE-NEPAL,SUNKOSHI DROP,SUNKOSHI DROP,PET 1000 ML,PET,1000.000 ML,,,1000.0,ML,20.0,1,True,high
2022-01-14,202201,222332210120,1642052356511,99762981.0,118,MUKUTESHWOR BEVRAGE P.LTD,SUNKOSHI,SUNKOSH DRINKING WATER \1000\ML,20.0,PPH,1000ML,New SKU,1642052356511-mukuteshwor bevrage p-ltd-sunkoshi.png,RECODING,5,1,99762981,139.23486,118,SOFT DRINKS-NP,PACKAGED WATER,PACKAGED WATER,MUKTESHWORI BEVERAGE-NEPAL,SUNKOSHI DROP,SUNKOSHI DROP,PET 1000 ML,PET,1000.000 ML,,,1000.0,ML,20.0,1,True,high
2022-01-14,202201,222332210159,1642052356511,99762981.0,118,MUKUTESHWOR BEVRAGE P.LTD,SUNKOSHI,SUNKOSH DRINKING WATER \1000\ML,20.0,PPH,1000ML,New SKU,1642052356511-mukuteshwor bevrage p-ltd-sunkoshi.png,RECODING,5,1,99762981,139.23486,118,SOFT DRINKS-NP,PACKAGED WATER,PACKAGED WATER,MUKTESHWORI BEVERAGE-NEPAL,SUNKOSHI DROP,SUNKOSHI DROP,PET 1000 ML,PET,1000.000 ML,,,1000.0,ML,20.0,1,True,high
2022-01-14,202201,113638667,1642057432488,99762973.0,106,SURYA NEPAL PVT LTD - NEPAL,TOFFICHO TADKA,TOFFICHOO TADKA,2.5,PPH,3.8GM,,1642057432488-surya nepal pvt ltd - nepal-tofficho tadka.png,RECODING,5,1,90110247,154.61014,105,CIGARETTE,,,SURYA NEPAL PVT LTD - NEPAL,SURYA,SURYA CITRIC FRESH,HL 20'S,HL,20,FRESH,,20.0,NO,300.0,0,False,rejected
2022-01-14,202201,113638667,1642058333312,99762974.0,106,SUJAL FOODS PVT LTD-NEPAL,RASILO CANDY,RASILO CANDY- CHATPAT SWODILO,1.0,PPH,3GM,,1642058333312-sujal foods pvt ltd-nepal-rasilo candy.png,RECODING,5,1,99764499,101.01257,106,CONFECTIONERY-NP,DIGESTIVE CANDIES,DIGESTIVE CANDIES,SUJAL FOODS PVT LTD-NEPAL,RASILO CANDY,RASILO CANDY,RASILO CANDY- CHATPATA MAZZA PCN 560 GM,PLJAR,560.000 GM,UNSPECIFIED,,560.0,GM,150.0,0,False,rejected
2022-01-14,202201,222332210165,1642061960694,99762976.0,111,EMAMI LIMITED,EMAMI KESH KING,EMAMI KESH KING\300\ML,540.0,PPH,300ML,New SKU,1642061960694-emami limited-emami kesh king.png,RECODING,5,1,50492,140.71822,117,SHAMPOO-NP,SHAMPOO,BOTTLE,EMAMI LTD. -INDIA,EMAMI,EMAMI KESH KING,EMAMI KESH KING-ANTI HRFALL PBT 340 ML+RS96,PLBOT,340.000 ML,,,340.0,ML,0.0,0,False,rejected
2022-01-15,202201,116637455,1642128957504,99762999.0,132,JASMINE HYGIENIC - NEPAL,SOFTLOVE PANT STYLE DIAPERS,SOFTLOVE PANT STYLE DIAPERS/LARGE/4+1 PICES/PPH,100.0,PPH,4+1,,1642128957504-jasmine hygienic - nepal-softlove pant style diapers.png,RECODING,5,1,99762999,68.14516,132,BABY DIAPER-NP,BABY DIAPER,BABY DIAPER,JASMINE HYGIENIC - NEPAL,SOFTLOVE,SOFTLOVE,SOFTLOVE-PANT STYLE DIAPER LARGE(L) PPH 4+1NOS,PLPCH,4.000 NO,,,5.0,NO,100.0,1,True,high
2022-01-15,202201,116637455,1642129211775,48245.0,116,JASMINE HYGIENIC - NEPAL,SOFTLOVE ,SOFTLOVE/ULTRA XL/8PADS/PPH,100.0,PPH,8 PADS,,1642129211775-jasmine hygienic - nepal-softlove .png,CROSS CODING,2,1,48245,138.67424,116,SANITARY NAPKIN-NP,SANITARY NAPKIN,SANITARY NAPKIN,JASMINE HYGIENIC - NEPAL,SOFT LOVE,SOFT LOVE ULTRA,SOFT LOVE ULTRA-XL PPH 8 NOS,PLPCH,8.000 NO,,,8.0,NO,0.0,1,True,high
2022-01-15,202201,116637465,1642130906047,99762980.0,116,H H HEALTH & HYGIENE PRODUCT-NEPAL ,PADELUX PREMIUM ,PADELUX PREMIUM/SUPER COMFORT XL COTTONY SOFT/6 PADS/PPH,60.0,PPH,6 PADS,,1642130906047-h h health - hygiene product-nepal -padelux premium .png,RECODING,5,1,92020252,140.67827,116,SANITARY NAPKIN-NP,SANITARY NAPKIN,SANITARY NAPKIN,INTRNL. HYGENIC PRODUCT-NEPAL,ACTIVE ELITE,ACTIVE ELITE ULTRA,ACTIVE ELITE ULTRA-PPH 8 NOS,PLPCH,8.000 NO,,,8.0,NO,0.0,0,False,rejected
2022-01-15,202201,130097341,1642142176403,99762987.0,120,GODREJ CONSUMER PRODUCTS-INDIA,GODREJ NO.1 BEAUTY SOAP,GODREJ NO.1 BEAUTY SOAP-SANDAL TURMERIC/55GM +8 GM,20.0,EWP,55GM ,,1642142176403-godrej consumer products-india-godrej no-1 beauty soap.png,RECODING,5,1,92562244,47.721394,120,TOILET SOAP-NP,TOILET SOAP,TOILET SOAP,GODREJ CONSUMER PRODUCTS-INDIA,GODREJ,GODREJ NO.1 BEAUTY SOAP,GODREJ NO.1 BEAUTY SOAP-SANDAL&TURMERIC EWP 58GM+20%,EWRPK,58.000 GM,,,69.6,GM,0.0,0,False,rejected
2022-01-15,202201,130097341,1642143047943,99762991.0,123,NEPAL GRAMODHYOG PVT LTD-NP,NEPAL GRAMODHYOG HERB YUKT,NEPAL GRAMODHYOG-HERB YUKT/90 GM,10.0,PPH,90 GM,,1642143047943-nepal gramodhyog pvt ltd-np-nepal gramodhyog herb yukt.png,RECODING,5,1,52456,138.99158,122,WASHING  POWDER-NP,WASHING POWDER,WASHING POWDER,NEPAL GRAMODHYOG PVT LTD-NP,NEPAL GRAMODHYOG,NEPAL GRAMODHYOG,NEPAL GRAMODHYOG-HERB YUKT ACTIVE PPH 1000 GM,PLPCH,1000.000 GM,,,1000.0,GM,0.0,0,False,rejected
2022-01-17,202201,118111995,1642223120959,99762984.0,118,CHUDALI BUSINESS GROUP,ARGHAKHACHI,AQUA ARGHAKHACHI PBT 1000 ML,25.0,PBT,1000 ML,,1642223120959-chudali business group-arghakhachi.png,RECODING,5,1,99762984,164.37718,118,SOFT DRINKS-NP,PACKAGED WATER,PACKAGED WATER,CHUDALI BUSINESS GROUP-NEPAL,ARGHAKHANCHI,ARGHAKHANCHI,PET 1000 ML,PET,1000.000 ML,,,1000.0,ML,25.0,1,True,high
2022-01-17,202201,118032998,1642230427930,99762990.0,122,HIMGIRI HYGIENE PVT LTD-NEPAL,DHONI ULTRA,DHONI ULTRA PPH 750 GM,110.0,PPH,750 GM,,1642230427930-himgiri hygiene pvt ltd-nepal-dhoni ultra.png,RECODING,5,3,99762990,130.63892,122,WASHING  POWDER-NP,WASHING POWDER,WASHING POWDER,HIMGIRI HYGIENE PVT LTD-NEPAL,DHONI,DHONI ULTRA,DHONI ULTRA-PPH 750 GM+DHONI DISWAS BAR WORTH RS.10,PLPCH,750.000 GM,,,750.0,GM,110.0,3,True,high
2022-01-17,202201,118307186,1642230427930,99762990.0,122,HIMGIRI HYGIENE PVT LTD-NEPAL,DHONI ULTRA,DHONI ULTRA PPH 750 GM,110.0,PPH,750 GM,,1642230427930-himgiri hygiene pvt ltd-nepal-dhoni ultra.png,RECODING,5,3,99762990,130.63892,122,WASHING  POWDER-NP,WASHING POWDER,WASHING POWDER,HIMGIRI HYGIENE PVT LTD-NEPAL,DHONI,DHONI ULTRA,DHONI ULTRA-PPH 750 GM+DHONI DISWAS BAR WORTH RS.10,PLPCH,750.000 GM,,,750.0,GM,110.0,3,True,high
2022-01-17,202201,118032998,1642230635862,99762868.0,123,SUNLIGHT SABUN UDHYOG-NEPAL,BHAIRAV GOLD,BHAIRAV GOLD PPH 200 GM ,40.0,PPH,200 GM ,,1642230635862-sunlight sabun udhyog-nepal-bhairav gold.png,RECODING,5,1,99763060,160.86856,123,WASHING CAKE & DISHWASH BAR-NP,WASHING CAKE & DISHWASH BAR,WASHING CAKE,SUNLIGHT SABUN UDHYOG-NEPAL,BHAIRAV,BHAIRAV GOLD,BHAIRAV GOLD-PPH 200 GM+10% EXTRA,PLPCH,200.000 GM,,,220.0,GM,40.0,1,True,high
2022-01-17,202201,132637763,1642312596727,99762982.0,118,DEVCHULI BEVERAGE PVT.LTD-NEPAL,AQUA DEVCHULI,AQUA DEVCHULI/1000ML/PBT/DEVCHULI BEVERAGE PVT.LTD-NEPAL,25.0,PBT,1000ML,Any other reason,1642312596727-devchuli beverage pvt-ltd-nepal-aqua devchuli.png,RECODING,5,1,99762982,84.103516,118,SOFT DRINKS-NP,PACKAGED WATER,PACKAGED WATER,DEVCHULI BEVERAGE PVT LTD-NEPAL,AQUA DEVCHULI,AQUA DEVCHULI,PET 1000 ML,PET,1000.000 ML,,,1000.0,ML,25.0,1,True,high
2022-01-17,202201,132698584,1642312596727,99762982.0,118,DEVCHULI BEVERAGE PVT.LTD-NEPAL,AQUA DEVCHULI,AQUA DEVCHULI/1000ML/PBT/DEVCHULI BEVERAGE PVT.LTD-NEPAL,25.0,PBT,1000ML,,1642312596727-devchuli beverage pvt-ltd-nepal-aqua devchuli.png,RECODING,5,1,99762982,84.103516,118,SOFT DRINKS-NP,PACKAGED WATER,PACKAGED WATER,DEVCHULI BEVERAGE PVT LTD-NEPAL,AQUA DEVCHULI,AQUA DEVCHULI,PET 1000 ML,PET,1000.000 ML,,,1000.0,ML,25.0,1,True,high
2022-01-17,202201,132901006,1642312596727,99762982.0,118,DEVCHULI BEVERAGE PVT.LTD-NEPAL,AQUA DEVCHULI,AQUA DEVCHULI/1000ML/PBT/DEVCHULI BEVERAGE PVT.LTD-NEPAL,25.0,PBT,1000ML,,1642312596727-devchuli beverage pvt-ltd-nepal-aqua devchuli.png,RECODING,5,1,99762982,84.103516,118,SOFT DRINKS-NP,PACKAGED WATER,PACKAGED WATER,DEVCHULI BEVERAGE PVT LTD-NEPAL,AQUA DEVCHULI,AQUA DEVCHULI,PET 1000 ML,PET,1000.000 ML,,,1000.0,ML,25.0,1,True,high
2022-01-18,202201,212581910093,1642322464421,99763001.0,118,SAMBHAVI BEVERAGE-NEPAL,SAMBHAVI CHISO COLA,SAMBHAVI CHIS OCOLA\2.5\ML,225.0,PPH,2.5 ML,New SKU,1642322464421-sambhavi beverage-nepal-sambhavi chiso cola.png,RECODING,5,3,99763001,99.62274,118,SOFT DRINKS-NP,SOFT DRINKS,CARBONATED,SAMBHAVI BEVERAGE-NEPAL,CHISO,CHISO COLA,PET 2500 ML,PET,2500.000 ML,COLA,,2500.0,ML,225.0,3,True,high
2022-01-18,202201,212582710074,1642322464421,99763001.0,118,SAMBHAVI BEVERAGE-NEPAL,SAMBHAVI CHISO COLA,SAMBHAVI CHIS OCOLA\2.5\ML,225.0,PPH,2.5 ML,New SKU,1642322464421-sambhavi beverage-nepal-sambhavi chiso cola.png,RECODING,5,3,99763001,99.62274,118,SOFT DRINKS-NP,SOFT DRINKS,CARBONATED,SAMBHAVI BEVERAGE-NEPAL,CHISO,CHISO COLA,PET 2500 ML,PET,2500.000 ML,COLA,,2500.0,ML,225.0,3,True,high
2022-01-18,202201,212581910093,1642322619570,99763000.0,118,SAMBHAVI FOOD AND BEVERAGE,SAMBHAVI CHISO COLA,MAINTAIN DEW\2.5\ML,225.0,PPH,2.5 ML,New SKU,1642322619570-sambhavi food and beverage-sambhavi chiso cola.png,RECODING,5,1,99762462,144.15222,118,SOFT DRINKS-NP,SOFT DRINKS,CARBONATED,SAMBHAVI BEVERAGE-NEPAL,CHISO,CHISO COLA,PET 250 ML,PET,250.000 ML,COLA,,250.0,ML,45.0,0,False,rejected
2022-01-18,202201,212582710074,1642322619570,99763000.0,118,SAMBHAVI FOOD AND BEVERAGE,SAMBHAVI CHISO COLA,MAINTAIN DEW\2.5\ML,225.0,PPH,2.5 ML,New SKU,1642322619570-sambhavi food and beverage-sambhavi chiso cola.png,RECODING,5,1,99762462,144.15222,118,SOFT DRINKS-NP,SOFT DRINKS,CARBONATED,SAMBHAVI BEVERAGE-NEPAL,CHISO,CHISO COLA,PET 250 ML,PET,250.000 ML,COLA,,250.0,ML,45.0,0,False,rejected
2022-01-17,202201,212582710074,1642324778472,99763002.0,123,HIMGIRI HYGIENE PVT LTD-NEPAL,SHAKTI 250,SHAKTI \250\GM,40.0,EWP,250 GM,New SKU,1642324778472-himgiri hygiene pvt ltd-nepal-shakti 250.png,RECODING,5,1,51475,148.94003,122,WASHING  POWDER-NP,WASHING POWDER,WASHING POWDER,HIMGIRI SOAP & CHEMICALS-NEPAL,SHAKTI,SHAKTI,SHAKTI-PPH 250 GM,PLPCH,250.000 GM,,,250.0,GM,0.0,0,False,rejected
2022-01-18,202201,212582710078,1642324778472,99763002.0,123,HIMGIRI HYGIENE PVT LTD-NEPAL,SHAKTI 250,SHAKTI \250\GM,40.0,EWP,250 GM,New SKU,1642324778472-himgiri hygiene pvt ltd-nepal-shakti 250.png,RECODING,5,1,51475,148.94003,122,WASHING  POWDER-NP,WASHING POWDER,WASHING POWDER,HIMGIRI SOAP & CHEMICALS-NEPAL,SHAKTI,SHAKTI,SHAKTI-PPH 250 GM,PLPCH,250.000 GM,,,250.0,GM,0.0,0,False,rejected
2022-01-17,202201,212582710074,1642326670876,99762978.0,112,RIGHT INT'L TRADERS,FABVITA,FABVITA REGULAR MALT FOOD\500\GM,400.0,500 GM,PPH,New SKU,1642326670876-right int-l traders-fabvita.png,RECODING,5,1,99762978,187.11642,112,HEALTH FOOD DRINKS-NP,HEALTH FOOD DRINKS,WHITE,RIGHT INTERNATIONAL TRADERS-NEPAL,FABVITA,FABVITA,FABVITA-REGULAR PCN 500 GM,PLJAR,500.000 GM,,,500.0,GM,300.0,1,True,high
2022-01-18,202201,212581910120,1642392714279,53918.0,122,HIMALAYAN SOAP & CHEM.- NEPAL,NIRMA 1KG,NIRMA WASHING POWER\1000\KG,70.0,1000 KG,PPH,New SKU,1642392714279-himalayan soap - chem-- nepal-nirma 1kg.png,CROSS CODING,2,1,93022594,72.96033,122,WASHING  POWDER-NP,WASHING POWDER,WASHING POWDER,HIMALAYAN SOAP & CHEM.- NEPAL,NIRMA,NIRMA,NIRMA-PPH 140 GMS,PLPCH,140.000 GM,,,140.0,GM,0.0,0,False,rejected
2022-01-18,202201,212581910120,1642393019434,99763003.0,123,HIMGIRI HYGIENE PVT LTD-NEPAL,WAHA72%,WAHA72% LAUNDRY SOAP\300\GM,50.0,300GM,PPH,New SKU,1642393019434-himgiri hygiene pvt ltd-nepal-waha72-.png,RECODING,5,1,93021925,109.977554,122,WASHING  POWDER-NP,WASHING POWDER,WASHING POWDER,HIMGIRI SOAP & CHEMICALS-NEPAL,SHOVA,SHOVA,SHOVA-PPH 300 GMS,PLPCH,300.000 GM,,,300.0,GM,0.0,0,False,rejected
