t_DATE,t_PERIOD,t_AUDITYPE,t_STORECODE,t_DLRCODE,t_ITEMCODE,t_NEW_CODES,t_CATEGORY,t_MANUFACTURE,t_BRAND,t_ITEMDESC,t_MRP,t_PACKSIZE,t_PACKTYPE,t_COMMENTS,t_IMAGE,t_CODE COMMENT,t_FLAG,rank,matched_itemcode,distance,m_catcode,m_company,m_mbrand,m_brand,m_sku,m_packtype,m_base_pack,m_flavor,m_color,m_wght,m_uom,m_mrp
11/03/2024,202403,2,128296706,52202020003,1710054179346,99765153,134,P.G WATER INDUSTRIES-NEPAL,AQUA CARE,AQUA CARE/1000ML/PBT,25,1000ML ,PBT,,,RECODING,5,1,99765153,54.08421,118,P.G WATER INDUSTRIES-NEPAL,AQUA CARE,AQUA CARE,PET 1000 ML,PET,1000.000 ML,,,1000.0,ML,25.0
11/03/2024,202403,2,128296706,52202020003,1710054179346,99765153,134,P.G WATER INDUSTRIES-NEPAL,AQUA CARE,AQUA CARE/1000ML/PBT,25,1000ML ,PBT,,,RECODING,5,2,40125126,99.0695,118,P.G WATER INDUSTRIES-NEPAL,P.G,P.G,PET 1000 ML,PET,1000.000 ML,,,1000.0,ML,0.0
11/03/2024,202403,2,128296706,52202020003,1710054179346,99765153,134,P.G WATER INDUSTRIES-NEPAL,AQUA CARE,AQUA CARE/1000ML/PBT,25,1000ML ,PBT,,,RECODING,5,3,99765145,114.52257,118,ALINA WATER INDUSTRIES-NEPAL,AQUA AC,AQUA AC,PET 1000 ML,PET,1000.000 ML,,,1000.0,ML,25.0
11/03/2024,202403,2,128302927,52202020011,1710054179346,99765153,134,P.G WATER INDUSTRIES-NEPAL,AQUA CARE,AQUA CARE/1000ML/PBT,25,1000ML ,PBT,Any other reason,1710054179346-p-g water industries-nepal-aqua care#3.png,RECODING,5,1,99765153,54.08421,118,P.G WATER INDUSTRIES-NEPAL,AQUA CARE,AQUA CARE,PET 1000 ML,PET,1000.000 ML,,,1000.0,ML,25.0
11/03/2024,202403,2,128302927,52202020011,1710054179346,99765153,134,P.G WATER INDUSTRIES-NEPAL,AQUA CARE,AQUA CARE/1000ML/PBT,25,1000ML ,PBT,Any other reason,1710054179346-p-g water industries-nepal-aqua care#3.png,RECODING,5,2,40125126,99.0695,118,P.G WATER INDUSTRIES-NEPAL,P.G,P.G,PET 1000 ML,PET,1000.000 ML,,,1000.0,ML,0.0
11/03/2024,202403,2,128302927,52202020011,1710054179346,99765153,134,P.G WATER INDUSTRIES-NEPAL,AQUA CARE,AQUA CARE/1000ML/PBT,25,1000ML ,PBT,Any other reason,1710054179346-p-g water industries-nepal-aqua care#3.png,RECODING,5,3,99765145,114.52257,118,ALINA WATER INDUSTRIES-NEPAL,AQUA AC,AQUA AC,PET 1000 ML,PET,1000.000 ML,,,1000.0,ML,25.0
11/03/2024,202403,2,112167852,12101020001,1709722237489,99765154,134,S.A.N.S. BEVERAGE IND. PVT.LTD. NEPAL,KABELI,KABELI PROCESSED DRINKING WATER ,20,1-LTR.,PBT,,1709722237489-s-a-n-s- beverage ind- pvt-ltd- nepal-kabeli#3.png,RECODING,5,1,99765154,134.45282,118,S.A.N.S BEVERAGE IND. PVT. LTD.-NPL,KABELI,KABELI,PET 1000 ML,PET,1000.000 ML,,,1000.0,ML,20.0
11/03/2024,202403,2,112167852,12101020001,1709722237489,99765154,134,S.A.N.S. BEVERAGE IND. PVT.LTD. NEPAL,KABELI,KABELI PROCESSED DRINKING WATER ,20,1-LTR.,PBT,,1709722237489-s-a-n-s- beverage ind- pvt-ltd- nepal-kabeli#3.png,RECODING,5,2,99765348,163.1367,118,P.S. BEVERAGE PVT. LTD.-NEPAL,DALMIA,DALMIA,PET 1000 ML,PET,1000.000 ML,,,1000.0,ML,20.0
11/03/2024,202403,2,112167852,12101020001,1709722237489,99765154,134,S.A.N.S. BEVERAGE IND. PVT.LTD. NEPAL,KABELI,KABELI PROCESSED DRINKING WATER ,20,1-LTR.,PBT,,1709722237489-s-a-n-s- beverage ind- pvt-ltd- nepal-kabeli#3.png,RECODING,5,3,99765245,163.51567,118,L.D WATER & FOOD BEVERAGE-NEPAL,AQUA KAMALAMAI YATRI,AQUA KAMALAMAI YATRI,PET 1000 ML,PET,1000.000 ML,,,1000.0,ML,25.0
11/03/2024,202403,3,3110103023,31101030364,1709710254462,99765156,105,GORKHA LAHARI PVT.LTD.- NEPAL,MAYALU,MAYALU FILTER\20 KS\HL\RS:100\GORKHA LAHARI PVT.LTD NEPAL,88,20,CBP,New SKU,1709710254462-gorkha lahari pvt-ltd-- nepal-mayalu#3.png,RECODING,5,1,99765156,61.051224,105,GORKHA LAHARI PVT.LTD.- NEPAL,MAYALU,MAYALU FILTER,HL 20'S,HL,20,FULL FLAVOUR,,20.0,NO,88.0
11/03/2024,202403,3,3110103023,31101030364,1709710254462,99765156,105,GORKHA LAHARI PVT.LTD.- NEPAL,MAYALU,MAYALU FILTER\20 KS\HL\RS:100\GORKHA LAHARI PVT.LTD NEPAL,88,20,CBP,New SKU,1709710254462-gorkha lahari pvt-ltd-- nepal-mayalu#3.png,RECODING,5,2,99765139,91.37633,105,GORKHA LAHARI PVT.LTD.- NEPAL,GORKHA,GORKHA FILTER,HL 20'S,HL,20,FULL FLAVOUR,,20.0,NO,113.5
11/03/2024,202403,3,3110103023,31101030364,1709710254462,99765156,105,GORKHA LAHARI PVT.LTD.- NEPAL,MAYALU,MAYALU FILTER\20 KS\HL\RS:100\GORKHA LAHARI PVT.LTD NEPAL,88,20,CBP,New SKU,1709710254462-gorkha lahari pvt-ltd-- nepal-mayalu#3.png,RECODING,5,3,99764933,94.672714,105,GORKHA LAHARI PVT.LTD.- NEPAL,SAHARA,SAHARA FILTER PUNCH,HL 20'S,HL,20,FRESH,,20.0,NO,115.0
11/03/2024,202403,3,2110201345,21102030190,1709706918730,99765155,125,HARSH INFINITY FLAVOUR PVT LTD,MAHAK CHAINI,MAHAK CHAINI/PPH/9GM/RS50/HARSH INFINITY FLAVOUR PVT LTD,50,9 GM,PPH,,1709706918730-harsh infinity flavour pvt ltd-mahak chaini#3.png,RECODING,5,1,99765155,47.315228,125,HARSH INFINITY FLAVOUR PVT LTD,CHAINI,MAHAK CHAINI,9G KHAINI,PLAST,9G,REGULAR,,9.0,GM,50.0
11/03/2024,202403,3,2110201345,21102030190,1709706918730,99765155,125,HARSH INFINITY FLAVOUR PVT LTD,MAHAK CHAINI,MAHAK CHAINI/PPH/9GM/RS50/HARSH INFINITY FLAVOUR PVT LTD,50,9 GM,PPH,,1709706918730-harsh infinity flavour pvt ltd-mahak chaini#3.png,RECODING,5,2,99763465,58.869953,125,HARSH INFINITY FLAVOUR PVT LTD,CHAINI,MAHAK CHAINI,4.1G KHAINI,PLAST,4.1G,REGULAR,,4.1,GM,20.0
11/03/2024,202403,3,2110201345,21102030190,1709706918730,99765155,125,HARSH INFINITY FLAVOUR PVT LTD,MAHAK CHAINI,MAHAK CHAINI/PPH/9GM/RS50/HARSH INFINITY FLAVOUR PVT LTD,50,9 GM,PPH,,1709706918730-harsh infinity flavour pvt ltd-mahak chaini#3.png,RECODING,5,3,99762287,59.924667,125,HARSH INFINITY FLAVOUR PVT LTD,CHAINI,MAHAK CHAINI,4.5G KHAINI,PLAST,4.5G,REGULAR,,4.5,,0.0
12/03/2024,202403,2,112136408,12101020032,1709881139499,99765157,134,SHANTI JAL UDHYOG PVT LTD-NEPL,SHANTI JAL,SHANTI JAL PBT 500 ML,10,500 ML.,BPT,,1709881139499-shanti jal udhyog pvt ltd-nepl-shanti jal#3.png,RECODING,5,1,99765157,64.36647,118,SHANTI JAL UDHYOG PVT LTD-NEPL,SHANTI JAL,SHANTI JAL,PET 500 ML,PET,500.000 ML,,,500.0,ML,10.0
12/03/2024,202403,2,112136408,12101020032,1709881139499,99765157,134,SHANTI JAL UDHYOG PVT LTD-NEPL,SHANTI JAL,SHANTI JAL PBT 500 ML,10,500 ML.,BPT,,1709881139499-shanti jal udhyog pvt ltd-nepl-shanti jal#3.png,RECODING,5,2,40120925,74.26715,118,SHANTI JAL UDHYOG PVT LTD-NEPL,SHANTI JAL,SHANTI JAL,PET 1000 ML,PET,1000.000 ML,,,1000.0,ML,0.0
12/03/2024,202403,2,112136408,12101020032,1709881139499,99765157,134,SHANTI JAL UDHYOG PVT LTD-NEPL,SHANTI JAL,SHANTI JAL PBT 500 ML,10,500 ML.,BPT,,1709881139499-shanti jal udhyog pvt ltd-nepl-shanti jal#3.png,RECODING,5,3,99764016,142.80301,118,INDIRA JALSAH PANI UDHYOG-NP,INDIRA JAL,INDIRA JAL,PET 500 ML,PET,500.000 ML,,,500.0,ML,10.0
12/03/2024,202403,2,124865093,52202020009,1710054179346,99765153,134,P.G WATER INDUSTRIES-NEPAL,AQUA CARE,AQUA CARE/1000ML/PBT,25,1000ML ,PBT,Any other reason,,RECODING,5,1,99765153,54.08421,118,P.G WATER INDUSTRIES-NEPAL,AQUA CARE,AQUA CARE,PET 1000 ML,PET,1000.000 ML,,,1000.0,ML,25.0
12/03/2024,202403,2,124865093,52202020009,1710054179346,99765153,134,P.G WATER INDUSTRIES-NEPAL,AQUA CARE,AQUA CARE/1000ML/PBT,25,1000ML ,PBT,Any other reason,,RECODING,5,2,40125126,99.0695,118,P.G WATER INDUSTRIES-NEPAL,P.G,P.G,PET 1000 ML,PET,1000.000 ML,,,1000.0,ML,0.0
12/03/2024,202403,2,124865093,52202020009,1710054179346,99765153,134,P.G WATER INDUSTRIES-NEPAL,AQUA CARE,AQUA CARE/1000ML/PBT,25,1000ML ,PBT,Any other reason,,RECODING,5,3,99765145,114.52257,118,ALINA WATER INDUSTRIES-NEPAL,AQUA AC,AQUA AC,PET 1000 ML,PET,1000.000 ML,,,1000.0,ML,25.0
15/03/2024,202403,2,130217025,52303020002,1710304478387,99765158,118,PEPSI COLA CMPNY IMPRTD-IMPRTD,MOUNTAIN DEW ,MOUNTAIN DEW/2000ML/PBT,128,2000ML ,PBT,,,RECODING,5,1,99765158,47.97197,118,PEPSI COLA CMPNY IMPRTD-IMPRTD,MOUNTAIN DEW,MOUNTAIN DEW,PET 2000 ML,PET,2000.000 ML,LEMON,,2000.0,ML,128.0
15/03/2024,202403,2,130217025,52303020002,1710304478387,99765158,118,PEPSI COLA CMPNY IMPRTD-IMPRTD,MOUNTAIN DEW ,MOUNTAIN DEW/2000ML/PBT,128,2000ML ,PBT,,,RECODING,5,2,20121457,58.650646,118,PEPSI COLA CMPNY IMPRTD-IMPRTD,MOUNTAIN DEW,MOUNTAIN DEW,CAN 250 ML,CAN,250.000 ML,LEMON,,250.0,ML,0.0
15/03/2024,202403,2,130217025,52303020002,1710304478387,99765158,118,PEPSI COLA CMPNY IMPRTD-IMPRTD,MOUNTAIN DEW ,MOUNTAIN DEW/2000ML/PBT,128,2000ML ,PBT,,,RECODING,5,3,99763704,61.228226,118,PEPSI COLA CMPNY IMPRTD-IMPRTD,MOUNTAIN DEW,MOUNTAIN DEW,PET 250 ML,PET,250.000 ML,LEMON,,250.0,ML,32.0
15/03/2024,202403,2,130605665,52303020011,1710304478387,99765158,118,PEPSI COLA CMPNY IMPRTD-IMPRTD,MOUNTAIN DEW ,MOUNTAIN DEW/2000ML/PBT,128,2000ML ,PBT,,,RECODING,5,1,99765158,47.97197,118,PEPSI COLA CMPNY IMPRTD-IMPRTD,MOUNTAIN DEW,MOUNTAIN DEW,PET 2000 ML,PET,2000.000 ML,LEMON,,2000.0,ML,128.0
15/03/2024,202403,2,130605665,52303020011,1710304478387,99765158,118,PEPSI COLA CMPNY IMPRTD-IMPRTD,MOUNTAIN DEW ,MOUNTAIN DEW/2000ML/PBT,128,2000ML ,PBT,,,RECODING,5,2,20121457,58.650646,118,PEPSI COLA CMPNY IMPRTD-IMPRTD,MOUNTAIN DEW,MOUNTAIN DEW,CAN 250 ML,CAN,250.000 ML,LEMON,,250.0,ML,0.0
15/03/2024,202403,2,130605665,52303020011,1710304478387,99765158,118,PEPSI COLA CMPNY IMPRTD-IMPRTD,MOUNTAIN DEW ,MOUNTAIN DEW/2000ML/PBT,128,2000ML ,PBT,,,RECODING,5,3,99763704,61.228226,118,PEPSI COLA CMPNY IMPRTD-IMPRTD,MOUNTAIN DEW,MOUNTAIN DEW,PET 250 ML,PET,250.000 ML,LEMON,,250.0,ML,32.0
15/03/2024,202403,2,130528484,52303020012,1710304478387,99765158,118,PEPSI COLA CMPNY IMPRTD-IMPRTD,MOUNTAIN DEW ,MOUNTAIN DEW/2000ML/PBT,128,2000ML ,PBT,,,RECODING,5,1,99765158,47.97197,118,PEPSI COLA CMPNY IMPRTD-IMPRTD,MOUNTAIN DEW,MOUNTAIN DEW,PET 2000 ML,PET,2000.000 ML,LEMON,,2000.0,ML,128.0
15/03/2024,202403,2,130528484,52303020012,1710304478387,99765158,118,PEPSI COLA CMPNY IMPRTD-IMPRTD,MOUNTAIN DEW ,MOUNTAIN DEW/2000ML/PBT,128,2000ML ,PBT,,,RECODING,5,2,20121457,58.650646,118,PEPSI COLA CMPNY IMPRTD-IMPRTD,MOUNTAIN DEW,MOUNTAIN DEW,CAN 250 ML,CAN,250.000 ML,LEMON,,250.0,ML,0.0
15/03/2024,202403,2,130528484,52303020012,1710304478387,99765158,118,PEPSI COLA CMPNY IMPRTD-IMPRTD,MOUNTAIN DEW ,MOUNTAIN DEW/2000ML/PBT,128,2000ML ,PBT,,,RECODING,5,3,99763704,61.228226,118,PEPSI COLA CMPNY IMPRTD-IMPRTD,MOUNTAIN DEW,MOUNTAIN DEW,PET 250 ML,PET,250.000 ML,LEMON,,250.0,ML,32.0
15/03/2024,202403,2,130258571,52303020007,1710304478387,99765158,118,PEPSI COLA CMPNY IMPRTD-IMPRTD,MOUNTAIN DEW ,MOUNTAIN DEW/2000ML/PBT,128,2000ML ,PBT,,,RECODING,5,1,99765158,47.97197,118,PEPSI COLA CMPNY IMPRTD-IMPRTD,MOUNTAIN DEW,MOUNTAIN DEW,PET 2000 ML,PET,2000.000 ML,LEMON,,2000.0,ML,128.0
15/03/2024,202403,2,130258571,52303020007,1710304478387,99765158,118,PEPSI COLA CMPNY IMPRTD-IMPRTD,MOUNTAIN DEW ,MOUNTAIN DEW/2000ML/PBT,128,2000ML ,PBT,,,RECODING,5,2,20121457,58.650646,118,PEPSI COLA CMPNY IMPRTD-IMPRTD,MOUNTAIN DEW,MOUNTAIN DEW,CAN 250 ML,CAN,250.000 ML,LEMON,,250.0,ML,0.0
15/03/2024,202403,2,130258571,52303020007,1710304478387,99765158,118,PEPSI COLA CMPNY IMPRTD-IMPRTD,MOUNTAIN DEW ,MOUNTAIN DEW/2000ML/PBT,128,2000ML ,PBT,,,RECODING,5,3,99763704,61.228226,118,PEPSI COLA CMPNY IMPRTD-IMPRTD,MOUNTAIN DEW,MOUNTAIN DEW,PET 250 ML,PET,250.000 ML,LEMON,,250.0,ML,32.0
15/03/2024,202403,2,130626149,52303020010,1710304478387,99765158,118,PEPSI COLA CMPNY IMPRTD-IMPRTD,MOUNTAIN DEW ,MOUNTAIN DEW/2000ML/PBT,128,2000ML ,PBT,,,RECODING,5,1,99765158,47.97197,118,PEPSI COLA CMPNY IMPRTD-IMPRTD,MOUNTAIN DEW,MOUNTAIN DEW,PET 2000 ML,PET,2000.000 ML,LEMON,,2000.0,ML,128.0
15/03/2024,202403,2,130626149,52303020010,1710304478387,99765158,118,PEPSI COLA CMPNY IMPRTD-IMPRTD,MOUNTAIN DEW ,MOUNTAIN DEW/2000ML/PBT,128,2000ML ,PBT,,,RECODING,5,2,20121457,58.650646,118,PEPSI COLA CMPNY IMPRTD-IMPRTD,MOUNTAIN DEW,MOUNTAIN DEW,CAN 250 ML,CAN,250.000 ML,LEMON,,250.0,ML,0.0
15/03/2024,202403,2,130626149,52303020010,1710304478387,99765158,118,PEPSI COLA CMPNY IMPRTD-IMPRTD,MOUNTAIN DEW ,MOUNTAIN DEW/2000ML/PBT,128,2000ML ,PBT,,,RECODING,5,3,99763704,61.228226,118,PEPSI COLA CMPNY IMPRTD-IMPRTD,MOUNTAIN DEW,MOUNTAIN DEW,PET 250 ML,PET,250.000 ML,LEMON,,250.0,ML,32.0
15/03/2024,202403,2,130215434,52303020009,1710304478387,99765158,118,PEPSI COLA CMPNY IMPRTD-IMPRTD,MOUNTAIN DEW ,MOUNTAIN DEW/2000ML/PBT,120,2000ML ,PBT,,,RECODING,5,1,99765158,49.61153,118,PEPSI COLA CMPNY IMPRTD-IMPRTD,MOUNTAIN DEW,MOUNTAIN DEW,PET 2000 ML,PET,2000.000 ML,LEMON,,2000.0,ML,128.0
15/03/2024,202403,2,130215434,52303020009,1710304478387,99765158,118,PEPSI COLA CMPNY IMPRTD-IMPRTD,MOUNTAIN DEW ,MOUNTAIN DEW/2000ML/PBT,120,2000ML ,PBT,,,RECODING,5,2,20121395,62.532074,118,PEPSI COLA CMPNY IMPRTD-IMPRTD,MOUNTAIN DEW,MOUNTAIN DEW,CAN 300 ML,CAN,300.000 ML,LEMON,,300.0,ML,0.0
15/03/2024,202403,2,130215434,52303020009,1710304478387,99765158,118,PEPSI COLA CMPNY IMPRTD-IMPRTD,MOUNTAIN DEW ,MOUNTAIN DEW/2000ML/PBT,120,2000ML ,PBT,,,RECODING,5,3,20121457,62.67846,118,PEPSI COLA CMPNY IMPRTD-IMPRTD,MOUNTAIN DEW,MOUNTAIN DEW,CAN 250 ML,CAN,250.000 ML,LEMON,,250.0,ML,0.0
15/03/2024,202403,2,130379757,52303020005,1710304478387,99765158,118,PEPSI COLA CMPNY IMPRTD-IMPRTD,MOUNTAIN DEW ,MOUNTAIN DEW/2000ML/PBT,128,2000ML ,PBT,,,RECODING,5,1,99765158,47.97197,118,PEPSI COLA CMPNY IMPRTD-IMPRTD,MOUNTAIN DEW,MOUNTAIN DEW,PET 2000 ML,PET,2000.000 ML,LEMON,,2000.0,ML,128.0
15/03/2024,202403,2,130379757,52303020005,1710304478387,99765158,118,PEPSI COLA CMPNY IMPRTD-IMPRTD,MOUNTAIN DEW ,MOUNTAIN DEW/2000ML/PBT,128,2000ML ,PBT,,,RECODING,5,2,20121457,58.650646,118,PEPSI COLA CMPNY IMPRTD-IMPRTD,MOUNTAIN DEW,MOUNTAIN DEW,CAN 250 ML,CAN,250.000 ML,LEMON,,250.0,ML,0.0
15/03/2024,202403,2,130379757,52303020005,1710304478387,99765158,118,PEPSI COLA CMPNY IMPRTD-IMPRTD,MOUNTAIN DEW ,MOUNTAIN DEW/2000ML/PBT,128,2000ML ,PBT,,,RECODING,5,3,99763704,61.228226,118,PEPSI COLA CMPNY IMPRTD-IMPRTD,MOUNTAIN DEW,MOUNTAIN DEW,PET 250 ML,PET,250.000 ML,LEMON,,250.0,ML,32.0
15/03/2024,202403,2,130483049,52303020004,1710304478387,99765158,118,PEPSI COLA CMPNY IMPRTD-IMPRTD,MOUNTAIN DEW ,MOUNTAIN DEW/2000ML/PBT,128,2000ML ,PBT,Seasonal purchases,,RECODING,5,1,99765158,47.97197,118,PEPSI COLA CMPNY IMPRTD-IMPRTD,MOUNTAIN DEW,MOUNTAIN DEW,PET 2000 ML,PET,2000.000 ML,LEMON,,2000.0,ML,128.0
15/03/2024,202403,2,130483049,52303020004,1710304478387,99765158,118,PEPSI COLA CMPNY IMPRTD-IMPRTD,MOUNTAIN DEW ,MOUNTAIN DEW/2000ML/PBT,128,2000ML ,PBT,Seasonal purchases,,RECODING,5,2,20121457,58.650646,118,PEPSI COLA CMPNY IMPRTD-IMPRTD,MOUNTAIN DEW,MOUNTAIN DEW,CAN 250 ML,CAN,250.000 ML,LEMON,,250.0,ML,0.0
15/03/2024,202403,2,130483049,52303020004,1710304478387,99765158,118,PEPSI COLA CMPNY IMPRTD-IMPRTD,MOUNTAIN DEW ,MOUNTAIN DEW/2000ML/PBT,128,2000ML ,PBT,Seasonal purchases,,RECODING,5,3,99763704,61.228226,118,PEPSI COLA CMPNY IMPRTD-IMPRTD,MOUNTAIN DEW,MOUNTAIN DEW,PET 250 ML,PET,250.000 ML,LEMON,,250.0,ML,32.0
15/03/2024,202403,2,130215306,52303020003,1710304478387,99765158,118,PEPSI COLA CMPNY IMPRTD-IMPRTD,MOUNTAIN DEW ,MOUNTAIN DEW/2000ML/PBT,128,2000ML ,PBT,,1710304478387-pepsi cola cmpny imprtd-imprtd-mountain dew #3.png,RECODING,5,1,99765158,47.97197,118,PEPSI COLA CMPNY IMPRTD-IMPRTD,MOUNTAIN DEW,MOUNTAIN DEW,PET 2000 ML,PET,2000.000 ML,LEMON,,2000.0,ML,128.0
15/03/2024,202403,2,130215306,52303020003,1710304478387,99765158,118,PEPSI COLA CMPNY IMPRTD-IMPRTD,MOUNTAIN DEW ,MOUNTAIN DEW/2000ML/PBT,128,2000ML ,PBT,,1710304478387-pepsi cola cmpny imprtd-imprtd-mountain dew #3.png,RECODING,5,2,20121457,58.650646,118,PEPSI COLA CMPNY IMPRTD-IMPRTD,MOUNTAIN DEW,MOUNTAIN DEW,CAN 250 ML,CAN,250.000 ML,LEMON,,250.0,ML,0.0
15/03/2024,202403,2,130215306,52303020003,1710304478387,99765158,118,PEPSI COLA CMPNY IMPRTD-IMPRTD,MOUNTAIN DEW ,MOUNTAIN DEW/2000ML/PBT,128,2000ML ,PBT,,1710304478387-pepsi cola cmpny imprtd-imprtd-mountain dew #3.png,RECODING,5,3,99763704,61.228226,118,PEPSI COLA CMPNY IMPRTD-IMPRTD,MOUNTAIN DEW,MOUNTAIN DEW,PET 250 ML,PET,250.000 ML,LEMON,,250.0,ML,32.0
15/03/2024,202403,2,122331327,31101020086,1710399394882,99765160,118,AGRO THAI FOODS PVT LTD-NEPAL,ICEEY CRAZY LEMONA,ICEEY CRAZY LEMON\1500ML\PET\RS:180\AGRO THAI FOOD PVT.LTD NEPAL,180,1500,PET,,1710399394882-agro thai foods pvt ltd-nepal-iceey crazy lemona#3.png,RECODING,5,1,99765160,26.15004,118,AGRO THAI FOODS PVT LTD-NEPAL,ICEEY,ICEEY CRAZY LEMONA,PET 1500 ML,PET,1500.000 ML,LEMON,,1500.0,ML,180.0
15/03/2024,202403,2,122331327,31101020086,1710399394882,99765160,118,AGRO THAI FOODS PVT LTD-NEPAL,ICEEY CRAZY LEMONA,ICEEY CRAZY LEMON\1500ML\PET\RS:180\AGRO THAI FOOD PVT.LTD NEPAL,180,1500,PET,,1710399394882-agro thai foods pvt ltd-nepal-iceey crazy lemona#3.png,RECODING,5,2,99762747,28.8055,118,AGRO THAI FOODS PVT LTD-NEPAL,ICEEY,ICEEY CRAZY LEMONA,PET 250 ML,PET,250.000 ML,LEMON,,250.0,ML,40.0
15/03/2024,202403,2,122331327,31101020086,1710399394882,99765160,118,AGRO THAI FOODS PVT LTD-NEPAL,ICEEY CRAZY LEMONA,ICEEY CRAZY LEMON\1500ML\PET\RS:180\AGRO THAI FOOD PVT.LTD NEPAL,180,1500,PET,,1710399394882-agro thai foods pvt ltd-nepal-iceey crazy lemona#3.png,RECODING,5,3,99765159,31.922352,118,AGRO THAI FOODS PVT LTD-NEPAL,ICEEY,ICEEY CRAZY LEMONA,PET 500 ML,PET,500.000 ML,LEMON,,500.0,ML,80.0
15/03/2024,202403,2,122331327,31101020086,1710399498284,99765159,118,AGRO THAI FOODS PVT LTD-NEPAL,ICEEY CRAZY LEMONA,ICEEY CRAZY LEMON\500ML\PET\RS:80\AGRO THAI FOOD PVT.LTD NEPAL,80,500ML,PET,,1710399498284-agro thai foods pvt ltd-nepal-iceey crazy lemona#3.png,RECODING,5,1,99765159,25.485174,118,AGRO THAI FOODS PVT LTD-NEPAL,ICEEY,ICEEY CRAZY LEMONA,PET 500 ML,PET,500.000 ML,LEMON,,500.0,ML,80.0
15/03/2024,202403,2,122331327,31101020086,1710399498284,99765159,118,AGRO THAI FOODS PVT LTD-NEPAL,ICEEY CRAZY LEMONA,ICEEY CRAZY LEMON\500ML\PET\RS:80\AGRO THAI FOOD PVT.LTD NEPAL,80,500ML,PET,,1710399498284-agro thai foods pvt ltd-nepal-iceey crazy lemona#3.png,RECODING,5,2,99762747,26.809547,118,AGRO THAI FOODS PVT LTD-NEPAL,ICEEY,ICEEY CRAZY LEMONA,PET 250 ML,PET,250.000 ML,LEMON,,250.0,ML,40.0
15/03/2024,202403,2,122331327,31101020086,1710399498284,99765159,118,AGRO THAI FOODS PVT LTD-NEPAL,ICEEY CRAZY LEMONA,ICEEY CRAZY LEMON\500ML\PET\RS:80\AGRO THAI FOOD PVT.LTD NEPAL,80,500ML,PET,,1710399498284-agro thai foods pvt ltd-nepal-iceey crazy lemona#3.png,RECODING,5,3,99765160,30.702696,118,AGRO THAI FOODS PVT LTD-NEPAL,ICEEY,ICEEY CRAZY LEMONA,PET 1500 ML,PET,1500.000 ML,LEMON,,1500.0,ML,180.0
15/03/2024,202403,2,126402383,21301020041,1710228345884,99765161,118,VARUN BEVERAGE -NEPAL,PEPSI,PEPSI\400\ML,50,400ML,PET,New SKU,1710228345884-varun beverage -nepal-pepsi#3.png,RECODING,5,1,20110050,27.98985,118,VARUN BEVERAGE -NEPAL,PEPSI,PEPSI,PET 500 ML,PET,500.000 ML,COLA,,500.0,ML,0.0
15/03/2024,202403,2,126402383,21301020041,1710228345884,99765161,118,VARUN BEVERAGE -NEPAL,PEPSI,PEPSI\400\ML,50,400ML,PET,New SKU,1710228345884-varun beverage -nepal-pepsi#3.png,RECODING,5,2,51545,29.73911,118,VARUN BEVERAGE -NEPAL,PEPSI,PEPSI,PET 300 ML,PET,300.000 ML,COLA,,300.0,ML,0.0
15/03/2024,202403,2,126402383,21301020041,1710228345884,99765161,118,VARUN BEVERAGE -NEPAL,PEPSI,PEPSI\400\ML,50,400ML,PET,New SKU,1710228345884-varun beverage -nepal-pepsi#3.png,RECODING,5,3,20110203,30.582684,118,VARUN BEVERAGE -NEPAL,PEPSI,PEPSI AHA,PET 500 ML,PET,500.000 ML,COLA,,500.0,ML,0.0
18/03/2024,202403,2,127304073,22201020047,1710658906614,99765075,134,LIFE FOOD & BEVERAGE PVT.LTD,FIZZY LIFE NIMBOO,FIZZY LIFE NIMBOO,50,250ML,PET,,1710658906614-life food - beverage pvt-ltd-fizzy life nimboo#3.png,CROSS CODING,2,1,99765075,117.8119,118,LIFE FOOD & BEVERAGE-NEPAL,FIZZY LIFE,FIZZY LIFE NIMBOO,LEMON PET 250 ML,PET,250.000 ML,LEMON,,250.0,ML,50.0
18/03/2024,202403,2,127304073,22201020047,1710658906614,99765075,134,LIFE FOOD & BEVERAGE PVT.LTD,FIZZY LIFE NIMBOO,FIZZY LIFE NIMBOO,50,250ML,PET,,1710658906614-life food - beverage pvt-ltd-fizzy life nimboo#3.png,CROSS CODING,2,2,99765395,121.12773,118,LIFE FOOD & BEVERAGE-NEPAL,FIZZY LIFE,FIZZY LIFE NIMBOO,LEMON PET 500 ML,PET,500.000 ML,LEMON,,500.0,ML,85.0
18/03/2024,202403,2,127304073,22201020047,1710658906614,99765075,134,LIFE FOOD & BEVERAGE PVT.LTD,FIZZY LIFE NIMBOO,FIZZY LIFE NIMBOO,50,250ML,PET,,1710658906614-life food - beverage pvt-ltd-fizzy life nimboo#3.png,CROSS CODING,2,3,99765399,148.09581,118,LIFE FOOD & BEVERAGE-NEPAL,LIFE,LIFE NIMBOO PANI,LEMON PET 250 ML,PET,250.000 ML,LEMON,,250.0,ML,50.0
20/03/2024,202403,2,128786076,52203020007,1710054179346,99765153,134,P.G WATER INDUSTRIES-NEPAL,AQUA CARE,AQUA CARE/1000ML/PBT,25,1000ML ,PBT,Seasonal purchases,,RECODING,5,1,99765153,54.08421,118,P.G WATER INDUSTRIES-NEPAL,AQUA CARE,AQUA CARE,PET 1000 ML,PET,1000.000 ML,,,1000.0,ML,25.0
20/03/2024,202403,2,128786076,52203020007,1710054179346,99765153,134,P.G WATER INDUSTRIES-NEPAL,AQUA CARE,AQUA CARE/1000ML/PBT,25,1000ML ,PBT,Seasonal purchases,,RECODING,5,2,40125126,99.0695,118,P.G WATER INDUSTRIES-NEPAL,P.G,P.G,PET 1000 ML,PET,1000.000 ML,,,1000.0,ML,0.0
20/03/2024,202403,2,128786076,52203020007,1710054179346,99765153,134,P.G WATER INDUSTRIES-NEPAL,AQUA CARE,AQUA CARE/1000ML/PBT,25,1000ML ,PBT,Seasonal purchases,,RECODING,5,3,99765145,114.52257,118,ALINA WATER INDUSTRIES-NEPAL,AQUA AC,AQUA AC,PET 1000 ML,PET,1000.000 ML,,,1000.0,ML,25.0
21/03/2024,202403,2,113249915,52204020011,1710304478387,99765158,118,PEPSI COLA CMPNY IMPRTD-IMPRTD,MOUNTAIN DEW ,MOUNTAIN DEW/2000ML/PBT,128,2000ML ,PBT,,,RECODING,5,1,99765158,47.97197,118,PEPSI COLA CMPNY IMPRTD-IMPRTD,MOUNTAIN DEW,MOUNTAIN DEW,PET 2000 ML,PET,2000.000 ML,LEMON,,2000.0,ML,128.0
21/03/2024,202403,2,113249915,52204020011,1710304478387,99765158,118,PEPSI COLA CMPNY IMPRTD-IMPRTD,MOUNTAIN DEW ,MOUNTAIN DEW/2000ML/PBT,128,2000ML ,PBT,,,RECODING,5,2,20121457,58.650646,118,PEPSI COLA CMPNY IMPRTD-IMPRTD,MOUNTAIN DEW,MOUNTAIN DEW,CAN 250 ML,CAN,250.000 ML,LEMON,,250.0,ML,0.0
21/03/2024,202403,2,113249915,52204020011,1710304478387,99765158,118,PEPSI COLA CMPNY IMPRTD-IMPRTD,MOUNTAIN DEW ,MOUNTAIN DEW/2000ML/PBT,128,2000ML ,PBT,,,RECODING,5,3,99763704,61.228226,118,PEPSI COLA CMPNY IMPRTD-IMPRTD,MOUNTAIN DEW,MOUNTAIN DEW,PET 250 ML,PET,250.000 ML,LEMON,,250.0,ML,32.0
25/03/2024,202403,2,132841164,22304020008,1711077683580,99765158,118,PEPSI COLA CMPNY IMPRTD-IMPRTD,MOUNTAIN DEW ,MOUNTAIN DEW \2000ML\PBT\CARBONATED ,128,2000ML,PBT,,1711077683580-pepsi cola cmpny imprtd-imprtd-mountain dew #3.png,RECODING,5,1,99765158,51.051373,118,PEPSI COLA CMPNY IMPRTD-IMPRTD,MOUNTAIN DEW,MOUNTAIN DEW,PET 2000 ML,PET,2000.000 ML,LEMON,,2000.0,ML,128.0
25/03/2024,202403,2,132841164,22304020008,1711077683580,99765158,118,PEPSI COLA CMPNY IMPRTD-IMPRTD,MOUNTAIN DEW ,MOUNTAIN DEW \2000ML\PBT\CARBONATED ,128,2000ML,PBT,,1711077683580-pepsi cola cmpny imprtd-imprtd-mountain dew #3.png,RECODING,5,2,20121457,58.761047,118,PEPSI COLA CMPNY IMPRTD-IMPRTD,MOUNTAIN DEW,MOUNTAIN DEW,CAN 250 ML,CAN,250.000 ML,LEMON,,250.0,ML,0.0
25/03/2024,202403,2,132841164,22304020008,1711077683580,99765158,118,PEPSI COLA CMPNY IMPRTD-IMPRTD,MOUNTAIN DEW ,MOUNTAIN DEW \2000ML\PBT\CARBONATED ,128,2000ML,PBT,,1711077683580-pepsi cola cmpny imprtd-imprtd-mountain dew #3.png,RECODING,5,3,99763704,61.75372,118,PEPSI COLA CMPNY IMPRTD-IMPRTD,MOUNTAIN DEW,MOUNTAIN DEW,PET 250 ML,PET,250.000 ML,LEMON,,250.0,ML,32.0
25/03/2024,202403,2,132576439,22304020006,1711080250688,99765162,134,CHAUDHARY PANI UDHYOG NEPAL,SUNDAR JAL,SUNDAR JAL\1000ML\PBT\MINERAL WATER ,25,1000ML,PBT,Sales Deviation is OK,1711080250688-chaudhary pani udhyog nepal-sundar jal#3.png,RECODING,5,1,99765162,99.53249,118,CHAUDHARY PANI UDHYOG-NEPAL,SUNDAR JAL,SUNDAR JAL,PET 1000 ML,PET,1000.000 ML,,,1000.0,ML,25.0
25/03/2024,202403,2,132576439,22304020006,1711080250688,99765162,134,CHAUDHARY PANI UDHYOG NEPAL,SUNDAR JAL,SUNDAR JAL\1000ML\PBT\MINERAL WATER ,25,1000ML,PBT,Sales Deviation is OK,1711080250688-chaudhary pani udhyog nepal-sundar jal#3.png,RECODING,5,2,99764546,128.56857,118,BHADRAKALI DRINKING WATER-NEPAL,KUBER JAL,KUBER JAL,PET 1000 ML,PET,1000.000 ML,,,1000.0,ML,25.0
25/03/2024,202403,2,132576439,22304020006,1711080250688,99765162,134,CHAUDHARY PANI UDHYOG NEPAL,SUNDAR JAL,SUNDAR JAL\1000ML\PBT\MINERAL WATER ,25,1000ML,PBT,Sales Deviation is OK,1711080250688-chaudhary pani udhyog nepal-sundar jal#3.png,RECODING,5,3,40110335,130.83765,118,PRADHAN MINERAL WATER - NEPAL,TAJ,TAJ,PET 1000 ML,PET,1000.000 ML,,,1000.0,ML,0.0
25/03/2024,202403,2,132681011,22304020001,1711080250688,99765162,134,CHAUDHARY PANI UDHYOG NEPAL,SUNDAR JAL,SUNDAR JAL\1000ML\PBT\MINERAL WATER ,25,1000ML,PBT,,,RECODING,5,1,99765162,99.53249,118,CHAUDHARY PANI UDHYOG-NEPAL,SUNDAR JAL,SUNDAR JAL,PET 1000 ML,PET,1000.000 ML,,,1000.0,ML,25.0
25/03/2024,202403,2,132681011,22304020001,1711080250688,99765162,134,CHAUDHARY PANI UDHYOG NEPAL,SUNDAR JAL,SUNDAR JAL\1000ML\PBT\MINERAL WATER ,25,1000ML,PBT,,,RECODING,5,2,99764546,128.56857,118,BHADRAKALI DRINKING WATER-NEPAL,KUBER JAL,KUBER JAL,PET 1000 ML,PET,1000.000 ML,,,1000.0,ML,25.0
25/03/2024,202403,2,132681011,22304020001,1711080250688,99765162,134,CHAUDHARY PANI UDHYOG NEPAL,SUNDAR JAL,SUNDAR JAL\1000ML\PBT\MINERAL WATER ,25,1000ML,PBT,,,RECODING,5,3,40110335,130.83765,118,PRADHAN MINERAL WATER - NEPAL,TAJ,TAJ,PET 1000 ML,PET,1000.000 ML,,,1000.0,ML,0.0
25/03/2024,202403,2,132576291,22304020003,1711077683580,99765158,118,PEPSI COLA CMPNY IMPRTD-IMPRTD,MOUNTAIN DEW ,MOUNTAIN DEW \2000ML\PBT\CARBONATED ,128,2000ML,PBT,,,RECODING,5,1,99765158,51.051373,118,PEPSI COLA CMPNY IMPRTD-IMPRTD,MOUNTAIN DEW,MOUNTAIN DEW,PET 2000 ML,PET,2000.000 ML,LEMON,,2000.0,ML,128.0
25/03/2024,202403,2,132576291,22304020003,1711077683580,99765158,118,PEPSI COLA CMPNY IMPRTD-IMPRTD,MOUNTAIN DEW ,MOUNTAIN DEW \2000ML\PBT\CARBONATED ,128,2000ML,PBT,,,RECODING,5,2,20121457,58.761047,118,PEPSI COLA CMPNY IMPRTD-IMPRTD,MOUNTAIN DEW,MOUNTAIN DEW,CAN 250 ML,CAN,250.000 ML,LEMON,,250.0,ML,0.0
25/03/2024,202403,2,132576291,22304020003,1711077683580,99765158,118,PEPSI COLA CMPNY IMPRTD-IMPRTD,MOUNTAIN DEW ,MOUNTAIN DEW \2000ML\PBT\CARBONATED ,128,2000ML,PBT,,,RECODING,5,3,99763704,61.75372,118,PEPSI COLA CMPNY IMPRTD-IMPRTD,MOUNTAIN DEW,MOUNTAIN DEW,PET 250 ML,PET,250.000 ML,LEMON,,250.0,ML,32.0
25/03/2024,202403,2,125728611,31101020089,1711003543798,99765163,134,MAHAVIR KHOLA PRAKRITIK KHANEPANI PVT LTD ,FURKETARI,FURKETARI PBT 1L,25,1000ML,PBT,,1711003543798-mahavir khola prakritik khaneoani pvt ltd -furketari#3.png,RECODING,5,1,99765163,140.34158,118,MAHAVIR KHOLA PRAKRITIK KHANEPANI-NP,FURKETARI AQUIFER,FURKETARI AQUIFER,PET 1000 ML,PET,1000.000 ML,,,1000.0,ML,25.0
25/03/2024,202403,2,125728611,31101020089,1711003543798,99765163,134,MAHAVIR KHOLA PRAKRITIK KHANEPANI PVT LTD ,FURKETARI,FURKETARI PBT 1L,25,1000ML,PBT,,1711003543798-mahavir khola prakritik khaneoani pvt ltd -furketari#3.png,RECODING,5,2,99763819,179.5149,118,SHUVA JAL PRASHODHAN UDHYOG-NPL,MITRA,MITRA,PET 1000 ML,PET,1000.000 ML,,,1000.0,ML,20.0
25/03/2024,202403,2,125728611,31101020089,1711003543798,99765163,134,MAHAVIR KHOLA PRAKRITIK KHANEPANI PVT LTD ,FURKETARI,FURKETARI PBT 1L,25,1000ML,PBT,,1711003543798-mahavir khola prakritik khaneoani pvt ltd -furketari#3.png,RECODING,5,3,54529,180.2229,111,BAJAJ SEVASHRAM LTD. - INDIA,BAJAJ,BAJAJ AMLA,BAJAJ AMLA-PBT 34 ML+10% EXT[3.4M],PLBOT,34.000 ML,,,37.4,ML,0.0
26/03/2024,202403,2,132848528,31303020029,1711358235138,99765164,134,HYGEN PACKS NEPAL PVT LTD-NEPAL,MANIA ,MANIA-MIX FRUIT TPK 200ML,25,200ML,TPK,,1711358235138-hygen packs nepal pvt ltd-nepal-mania #3.png,RECODING,5,1,99765164,30.596922,118,HYGEN PACKS NEPAL PVT LTD-NEPAL,MANIA,MANIA MIX FRUIT,MIX FRUIT TPK 200 ML,TPK,200.000 ML,MIXED FRUIT,,200.0,ML,25.0
26/03/2024,202403,2,132848528,31303020029,1711358235138,99765164,134,HYGEN PACKS NEPAL PVT LTD-NEPAL,MANIA ,MANIA-MIX FRUIT TPK 200ML,25,200ML,TPK,,1711358235138-hygen packs nepal pvt ltd-nepal-mania #3.png,RECODING,5,2,99763844,69.99036,118,HYGEN PACKS NEPAL PVT LTD-NEPAL,MANIA,MANIA MAGIC,MANGO TPK 180 ML+20 ML FREE,TPK,180.000 ML,MANGO,,200.0,ML,25.0
26/03/2024,202403,2,132848528,31303020029,1711358235138,99765164,134,HYGEN PACKS NEPAL PVT LTD-NEPAL,MANIA ,MANIA-MIX FRUIT TPK 200ML,25,200ML,TPK,,1711358235138-hygen packs nepal pvt ltd-nepal-mania #3.png,RECODING,5,3,99763224,74.808754,118,HYGEN PACKS NEPAL PVT LTD-NEPAL,HYGEN,HYGEN MANIA,MANGO TPK 200 ML,TPK,200.000 ML,MANGO,,200.0,ML,25.0
26/03/2024,202403,2,132803597,31303020004,1711358235138,99765164,134,HYGEN PACKS NEPAL PVT LTD-NEPAL,MANIA ,MANIA-MIX FRUIT TPK 200ML,25,200ML,TPK,,1711358235138-hygen packs nepal pvt ltd-nepal-mania #3.png,RECODING,5,1,99765164,30.596922,118,HYGEN PACKS NEPAL PVT LTD-NEPAL,MANIA,MANIA MIX FRUIT,MIX FRUIT TPK 200 ML,TPK,200.000 ML,MIXED FRUIT,,200.0,ML,25.0
26/03/2024,202403,2,132803597,31303020004,1711358235138,99765164,134,HYGEN PACKS NEPAL PVT LTD-NEPAL,MANIA ,MANIA-MIX FRUIT TPK 200ML,25,200ML,TPK,,1711358235138-hygen packs nepal pvt ltd-nepal-mania #3.png,RECODING,5,2,99763844,69.99036,118,HYGEN PACKS NEPAL PVT LTD-NEPAL,MANIA,MANIA MAGIC,MANGO TPK 180 ML+20 ML FREE,TPK,180.000 ML,MANGO,,200.0,ML,25.0
26/03/2024,202403,2,132803597,31303020004,1711358235138,99765164,134,HYGEN PACKS NEPAL PVT LTD-NEPAL,MANIA ,MANIA-MIX FRUIT TPK 200ML,25,200ML,TPK,,1711358235138-hygen packs nepal pvt ltd-nepal-mania #3.png,RECODING,5,3,99763224,74.808754,118,HYGEN PACKS NEPAL PVT LTD-NEPAL,HYGEN,HYGEN MANIA,MANGO TPK 200 ML,TPK,200.000 ML,MANGO,,200.0,ML,25.0
26/03/2024,202403,3,1025134808550,22709030041,1710651096178,99765165,105,SURYA NEPAL PVT LTD - NEPAL,STRIKER ,STRIKER SPICE RUSH ,130,FTP,20,New SKU,1710651096178-surya nepal pvt ltd - nepal-striker #3.png,RECODING,5,1,99765165,47.136185,105,SURYA NEPAL PVT LTD - NEPAL,STRIKER,STRIKER SPICE RUSH,HL 20'S,HL,20,FRESH,,20.0,NO,130.0
26/03/2024,202403,3,1025134808550,22709030041,1710651096178,99765165,105,SURYA NEPAL PVT LTD - NEPAL,STRIKER ,STRIKER SPICE RUSH ,130,FTP,20,New SKU,1710651096178-surya nepal pvt ltd - nepal-striker #3.png,RECODING,5,2,47592,114.035446,105,SURYA NEPAL PVT LTD - NEPAL,SHIKHAR,SHIKHAR ICE RUSH,HL 20'S,HL,20,FRESH,,20.0,NO,185.0
26/03/2024,202403,3,1025134808550,22709030041,1710651096178,99765165,105,SURYA NEPAL PVT LTD - NEPAL,STRIKER ,STRIKER SPICE RUSH ,130,FTP,20,New SKU,1710651096178-surya nepal pvt ltd - nepal-striker #3.png,RECODING,5,3,90110249,128.58916,105,SURYA NEPAL PVT LTD - NEPAL,SHIKHAR,SHIKHAR TANGY BREEZE,HL 20'S,HL,20,FRESH,,20.0,NO,180.0
27/03/2024,202403,2,222762610017,22276020011,1711434407273,99765161,118,VARUN BEVERAGE -NEPAL,PEPSI,PEPSI/PBT/250 ML FREE 150 ML/MRP 50/VARUN BEVERAGE,500,250ML,PBT,,1711434407273-varun beverage -nepal-pepsi#3.png,RECODING,5,1,99765161,38.361893,118,VARUN BEVERAGE -NEPAL,PEPSI,PEPSI,PET 250 ML+150 ML FREE,PET,250.000 ML,COLA,,400.0,ML,50.0
27/03/2024,202403,2,222762610017,22276020011,1711434407273,99765161,118,VARUN BEVERAGE -NEPAL,PEPSI,PEPSI/PBT/250 ML FREE 150 ML/MRP 50/VARUN BEVERAGE,500,250ML,PBT,,1711434407273-varun beverage -nepal-pepsi#3.png,RECODING,5,2,20110433,47.48803,118,VARUN BEVERAGE -NEPAL,PEPSI,PEPSI,PET 250 ML,PET,250.000 ML,COLA,,250.0,ML,0.0
27/03/2024,202403,2,222762610017,22276020011,1711434407273,99765161,118,VARUN BEVERAGE -NEPAL,PEPSI,PEPSI/PBT/250 ML FREE 150 ML/MRP 50/VARUN BEVERAGE,500,250ML,PBT,,1711434407273-varun beverage -nepal-pepsi#3.png,RECODING,5,3,20110050,50.77669,118,VARUN BEVERAGE -NEPAL,PEPSI,PEPSI,PET 500 ML,PET,500.000 ML,COLA,,500.0,ML,0.0
28/03/2024,202403,2,129058210,12201020023,1710839492866,99765161,118,VARUN BEVERAGE -NEPAL,PEPSI,PEPSI-COLA PET 250ML+150ML FREE,50,250ML +150ML,PET,,,RECODING,5,1,99765161,13.288002,118,VARUN BEVERAGE -NEPAL,PEPSI,PEPSI,PET 250 ML+150 ML FREE,PET,250.000 ML,COLA,,400.0,ML,50.0
28/03/2024,202403,2,129058210,12201020023,1710839492866,99765161,118,VARUN BEVERAGE -NEPAL,PEPSI,PEPSI-COLA PET 250ML+150ML FREE,50,250ML +150ML,PET,,,RECODING,5,2,20110433,32.048084,118,VARUN BEVERAGE -NEPAL,PEPSI,PEPSI,PET 250 ML,PET,250.000 ML,COLA,,250.0,ML,0.0
28/03/2024,202403,2,129058210,12201020023,1710839492866,99765161,118,VARUN BEVERAGE -NEPAL,PEPSI,PEPSI-COLA PET 250ML+150ML FREE,50,250ML +150ML,PET,,,RECODING,5,3,99765239,32.228645,118,VARUN BEVERAGE -NEPAL,PEPSI,PEPSI,PET 2250 ML+250 ML MOUNTAIN DEW FREE,PET,2250.000 ML,COLA,,2250.0,ML,270.0
28/03/2024,202403,2,324121510088,32412020004,1711524716331,99765161,118,VARUN BEVERAGE -NEPAL,PEPSI,PEPSI-COLA-PET 250 ML+150ML,50,250ML,PET,,1711524716331-varun beverage -nepal-pepsi#3.png,RECODING,5,1,20110433,15.897495,118,VARUN BEVERAGE -NEPAL,PEPSI,PEPSI,PET 250 ML,PET,250.000 ML,COLA,,250.0,ML,0.0
28/03/2024,202403,2,324121510088,32412020004,1711524716331,99765161,118,VARUN BEVERAGE -NEPAL,PEPSI,PEPSI-COLA-PET 250 ML+150ML,50,250ML,PET,,1711524716331-varun beverage -nepal-pepsi#3.png,RECODING,5,2,99765161,20.122879,118,VARUN BEVERAGE -NEPAL,PEPSI,PEPSI,PET 250 ML+150 ML FREE,PET,250.000 ML,COLA,,400.0,ML,50.0
28/03/2024,202403,2,324121510088,32412020004,1711524716331,99765161,118,VARUN BEVERAGE -NEPAL,PEPSI,PEPSI-COLA-PET 250 ML+150ML,50,250ML,PET,,1711524716331-varun beverage -nepal-pepsi#3.png,RECODING,5,3,20121483,21.524475,118,VARUN BEVERAGE -NEPAL,PEPSI,PEPSI,PET 2250 ML,PET,2250.000 ML,COLA,,2250.0,ML,0.0
28/03/2024,202403,2,324121210105,32412020001,1711517976006,99765166,118,VARUN BEVERAGE -NEPAL,MIRINDA ORANGE,MIRINDA ORANGE PET 250ML+150ML,50,250ML,PET,,1711517976006-varun beverage -nepal-mirinda orange#3.png,RECODING,5,1,20110432,14.741886,118,VARUN BEVERAGE -NEPAL,MIRINDA,MIRINDA ORANGE,ORANGE PET 250 ML,PET,250.000 ML,ORANGE,,250.0,ML,0.0
28/03/2024,202403,2,324121210105,32412020001,1711517976006,99765166,118,VARUN BEVERAGE -NEPAL,MIRINDA ORANGE,MIRINDA ORANGE PET 250ML+150ML,50,250ML,PET,,1711517976006-varun beverage -nepal-mirinda orange#3.png,RECODING,5,2,49367,18.059502,118,VARUN BEVERAGE -NEPAL,MIRINDA,MIRINDA ORANGE,PET 300 ML,PET,300.000 ML,ORANGE,,300.0,ML,0.0
28/03/2024,202403,2,324121210105,32412020001,1711517976006,99765166,118,VARUN BEVERAGE -NEPAL,MIRINDA ORANGE,MIRINDA ORANGE PET 250ML+150ML,50,250ML,PET,,1711517976006-varun beverage -nepal-mirinda orange#3.png,RECODING,5,3,20110045,19.64566,118,VARUN BEVERAGE -NEPAL,MIRINDA,MIRINDA ORANGE,ORANGE PET 1500 ML,PET,1500.000 ML,ORANGE,,1500.0,ML,0.0
28/03/2024,202403,2,130529765,21202020028,1711537835615,99765167,134,SAPPE PUBLIC COMPANY LTD-THAILAND,MOGU MOGU,MOGU MOGU\320ML\PBT\PINK GUAVA FLAVOUR ,150,320ML,PBT,,1711537835615-sappe public company ltd-thailand-mogu mogu#3.png,RECODING,5,1,99765167,56.52078,118,SAPPE PUBLIC COMPANY LTD-THAILAND,MOGU MOGU,MOGU MOGU,PINK GUAVA PET 320 ML,PET,320.000 ML,GUAVA,,320.0,ML,150.0
28/03/2024,202403,2,130529765,21202020028,1711537835615,99765167,134,SAPPE PUBLIC COMPANY LTD-THAILAND,MOGU MOGU,MOGU MOGU\320ML\PBT\PINK GUAVA FLAVOUR ,150,320ML,PBT,,1711537835615-sappe public company ltd-thailand-mogu mogu#3.png,RECODING,5,2,99765123,114.41994,118,SAPPE PUBLIC COMPANY LTD-THAILAND,MOGU MOGU,MOGU MOGU,MANGO PET 320 ML,PET,320.000 ML,MANGO,,320.0,ML,150.0
28/03/2024,202403,2,130529765,21202020028,1711537835615,99765167,134,SAPPE PUBLIC COMPANY LTD-THAILAND,MOGU MOGU,MOGU MOGU\320ML\PBT\PINK GUAVA FLAVOUR ,150,320ML,PBT,,1711537835615-sappe public company ltd-thailand-mogu mogu#3.png,RECODING,5,3,99765170,116.399864,118,SAPPE PUBLIC COMPANY LTD-THAILAND,MOGU MOGU,MOGU MOGU,MELON PET 320 ML,PET,320.000 ML,MELON,,320.0,ML,150.0
29/03/2024,202403,2,324121510021,32412020008,1711524716331,99765161,118,VARUN BEVERAGE -NEPAL,PEPSI,PEPSI-COLA-PET 250 ML+150ML,50,250ML,PET,,1711524716331-varun beverage -nepal-pepsi#3.png,RECODING,5,1,20110433,15.897495,118,VARUN BEVERAGE -NEPAL,PEPSI,PEPSI,PET 250 ML,PET,250.000 ML,COLA,,250.0,ML,0.0
29/03/2024,202403,2,324121510021,32412020008,1711524716331,99765161,118,VARUN BEVERAGE -NEPAL,PEPSI,PEPSI-COLA-PET 250 ML+150ML,50,250ML,PET,,1711524716331-varun beverage -nepal-pepsi#3.png,RECODING,5,2,99765161,20.122879,118,VARUN BEVERAGE -NEPAL,PEPSI,PEPSI,PET 250 ML+150 ML FREE,PET,250.000 ML,COLA,,400.0,ML,50.0
29/03/2024,202403,2,324121510021,32412020008,1711524716331,99765161,118,VARUN BEVERAGE -NEPAL,PEPSI,PEPSI-COLA-PET 250 ML+150ML,50,250ML,PET,,1711524716331-varun beverage -nepal-pepsi#3.png,RECODING,5,3,20121483,21.524475,118,VARUN BEVERAGE -NEPAL,PEPSI,PEPSI,PET 2250 ML,PET,2250.000 ML,COLA,,2250.0,ML,0.0
29/03/2024,202403,2,324121510021,32412020008,1711615320033,99765168,118,VARUN BEVERAGE -NEPAL,7 UP,7 UP-LEMON-PET 250 ML +150ML,50,250ML,PET,,1711615320033-varun beverage -nepal-7 up#3.png,RECODING,5,1,49740,19.523092,118,VARUN BEVERAGE -NEPAL,7 UP,7 UP,LEMON PET 300 ML,PET,300.000 ML,LEMON,,300.0,ML,0.0
29/03/2024,202403,2,324121510021,32412020008,1711615320033,99765168,118,VARUN BEVERAGE -NEPAL,7 UP,7 UP-LEMON-PET 250 ML +150ML,50,250ML,PET,,1711615320033-varun beverage -nepal-7 up#3.png,RECODING,5,2,20121486,19.897606,118,VARUN BEVERAGE -NEPAL,7 UP,7 UP,PET 2250 ML,PET,2250.000 ML,LEMON,,2250.0,ML,0.0
29/03/2024,202403,2,324121510021,32412020008,1711615320033,99765168,118,VARUN BEVERAGE -NEPAL,7 UP,7 UP-LEMON-PET 250 ML +150ML,50,250ML,PET,,1711615320033-varun beverage -nepal-7 up#3.png,RECODING,5,3,20110043,20.214252,118,VARUN BEVERAGE -NEPAL,7 UP,7 UP,PET 1500 ML,PET,1500.000 ML,LEMON,,1500.0,ML,0.0
29/03/2024,202403,2,116304492,11301020014,1710839492866,99765161,118,VARUN BEVERAGE -NEPAL,PEPSI,PEPSI-COLA PET 250ML+150ML FREE,50,250ML +150ML,PET,,1710839492866-varun beverage -nepal-pepsi#3.png,RECODING,5,1,99765161,13.288002,118,VARUN BEVERAGE -NEPAL,PEPSI,PEPSI,PET 250 ML+150 ML FREE,PET,250.000 ML,COLA,,400.0,ML,50.0
29/03/2024,202403,2,116304492,11301020014,1710839492866,99765161,118,VARUN BEVERAGE -NEPAL,PEPSI,PEPSI-COLA PET 250ML+150ML FREE,50,250ML +150ML,PET,,1710839492866-varun beverage -nepal-pepsi#3.png,RECODING,5,2,20110433,32.048084,118,VARUN BEVERAGE -NEPAL,PEPSI,PEPSI,PET 250 ML,PET,250.000 ML,COLA,,250.0,ML,0.0
29/03/2024,202403,2,116304492,11301020014,1710839492866,99765161,118,VARUN BEVERAGE -NEPAL,PEPSI,PEPSI-COLA PET 250ML+150ML FREE,50,250ML +150ML,PET,,1710839492866-varun beverage -nepal-pepsi#3.png,RECODING,5,3,99765239,32.228645,118,VARUN BEVERAGE -NEPAL,PEPSI,PEPSI,PET 2250 ML+250 ML MOUNTAIN DEW FREE,PET,2250.000 ML,COLA,,2250.0,ML,270.0
29/03/2024,202403,2,116304492,11301020014,1710839639670,99765166,118,VARUN BEVERAGE -NEPAL,MIRINDA ORANGE,MIRINDA ORANGE PET 250ML+150ML FREE,50,250ML +150ML,PET,,1710839639670-varun beverage -nepal-mirinda orange#3.png,RECODING,5,1,99765166,14.004692,118,VARUN BEVERAGE -NEPAL,MIRINDA,MIRINDA ORANGE,ORANGE PET 250 ML+150 ML FREE,PET,250.000 ML,ORANGE,,400.0,ML,50.0
29/03/2024,202403,2,116304492,11301020014,1710839639670,99765166,118,VARUN BEVERAGE -NEPAL,MIRINDA ORANGE,MIRINDA ORANGE PET 250ML+150ML FREE,50,250ML +150ML,PET,,1710839639670-varun beverage -nepal-mirinda orange#3.png,RECODING,5,2,20150002,20.042799,118,VARUN BEVERAGE -NEPAL,MIRINDA,MIRINDA ORANGE,ORANGE PET 500 ML + 100 ML FREE,PET,600.000 ML,ORANGE,,600.0,ML,0.0
29/03/2024,202403,2,116304492,11301020014,1710839639670,99765166,118,VARUN BEVERAGE -NEPAL,MIRINDA ORANGE,MIRINDA ORANGE PET 250ML+150ML FREE,50,250ML +150ML,PET,,1710839639670-varun beverage -nepal-mirinda orange#3.png,RECODING,5,3,20110432,31.404245,118,VARUN BEVERAGE -NEPAL,MIRINDA,MIRINDA ORANGE,ORANGE PET 250 ML,PET,250.000 ML,ORANGE,,250.0,ML,0.0
29/03/2024,202403,2,112162713,41301020004,1711603379923,99765169,134,PROCESSED DRINKING WATER ,TILA KARNALI PANI PRASHODHAN UDHOG ,TILA,30,1000ML,PET,,,RECODING,5,1,99765169,128.0222,118,TILA KARNALI PANI PRASODHAN UDHYOG-NP,TILA,TILA,PET 1000 ML,PET,1000.000 ML,,,1000.0,ML,30.0
29/03/2024,202403,2,112162713,41301020004,1711603379923,99765169,134,PROCESSED DRINKING WATER ,TILA KARNALI PANI PRASHODHAN UDHOG ,TILA,30,1000ML,PET,,,RECODING,5,2,99762703,128.67032,118,KARNALI PRADESH WATER & BEVERAGE-NP,AQUA FINE,AQUA FINE,PET 1000 ML,PET,1000.000 ML,,,1000.0,ML,25.0
29/03/2024,202403,2,112162713,41301020004,1711603379923,99765169,134,PROCESSED DRINKING WATER ,TILA KARNALI PANI PRASHODHAN UDHOG ,TILA,30,1000ML,PET,,,RECODING,5,3,99762351,130.32996,118,SWORGADWARI DRINKING WATER UDHYOG-NPL,SWORGADWARI,SWORGADWARI,PET 1000 ML,PET,1000.000 ML,,,1000.0,ML,20.0
29/03/2024,202403,2,117185718,41301020017,1711603379923,99765169,134,PROCESSED DRINKING WATER ,TILA KARNALI PANI PRASHODHAN UDHOG ,TILA,30,1000ML,PET,,1711603379923-processed drinking water -tila karnali pani prashodhan udhog #3.png,RECODING,5,1,99765169,128.0222,118,TILA KARNALI PANI PRASODHAN UDHYOG-NP,TILA,TILA,PET 1000 ML,PET,1000.000 ML,,,1000.0,ML,30.0
29/03/2024,202403,2,117185718,41301020017,1711603379923,99765169,134,PROCESSED DRINKING WATER ,TILA KARNALI PANI PRASHODHAN UDHOG ,TILA,30,1000ML,PET,,1711603379923-processed drinking water -tila karnali pani prashodhan udhog #3.png,RECODING,5,2,99762703,128.67032,118,KARNALI PRADESH WATER & BEVERAGE-NP,AQUA FINE,AQUA FINE,PET 1000 ML,PET,1000.000 ML,,,1000.0,ML,25.0
29/03/2024,202403,2,117185718,41301020017,1711603379923,99765169,134,PROCESSED DRINKING WATER ,TILA KARNALI PANI PRASHODHAN UDHOG ,TILA,30,1000ML,PET,,1711603379923-processed drinking water -tila karnali pani prashodhan udhog #3.png,RECODING,5,3,99762351,130.32996,118,SWORGADWARI DRINKING WATER UDHYOG-NPL,SWORGADWARI,SWORGADWARI,PET 1000 ML,PET,1000.000 ML,,,1000.0,ML,20.0
29/03/2024,202403,2,116441816,41301020028,1711540152282,99762343,134,DABUR NEPAL LTD.-NEPAL,LITE AND REFRESHING ,REAL BURRST MANGO,25,180ML,,,1711540152282-dabur nepal ltd--nepal-lite and refreshing #3.png,CROSS CODING,2,1,99762343,84.82739,118,DABUR NEPAL LTD.-NEPAL,REAL,REAL BURRST,MANGO TPK 180 ML,TPK,180.000 ML,MANGO,,180.0,ML,25.0
29/03/2024,202403,2,116441816,41301020028,1711540152282,99762343,134,DABUR NEPAL LTD.-NEPAL,LITE AND REFRESHING ,REAL BURRST MANGO,25,180ML,,,1711540152282-dabur nepal ltd--nepal-lite and refreshing #3.png,CROSS CODING,2,2,99765431,87.17706,118,DABUR NEPAL LTD.-NEPAL,REAL,REAL BURRST,MANGO TPK 170 ML,TPK,170.000 ML,MANGO,,170.0,ML,25.0
29/03/2024,202403,2,116441816,41301020028,1711540152282,99762343,134,DABUR NEPAL LTD.-NEPAL,LITE AND REFRESHING ,REAL BURRST MANGO,25,180ML,,,1711540152282-dabur nepal ltd--nepal-lite and refreshing #3.png,CROSS CODING,2,3,51307,95.99826,118,DABUR NEPAL LTD.-NEPAL,REAL,REAL BURRST,MANGO TPK 200 ML,TPK,200.000 ML,MANGO,,200.0,ML,0.0
29/03/2024,202403,2,112273347,41301020015,1711527893952,20110482,118,VARUN BEVERAGE -NEPAL,BEVERAGES WITH REAL MANGO,SLICE ,90,500ML,500ML ,,1711527893952-varun beverage -nepal-beverages with real mango#3.png,CROSS CODING,2,1,20110489,54.092144,118,VARUN BEVERAGE -NEPAL,SLICE,SLICE,TPK 200 ML,TPK,200.000 ML,MANGO,,200.0,ML,0.0
29/03/2024,202403,2,112273347,41301020015,1711527893952,20110482,118,VARUN BEVERAGE -NEPAL,BEVERAGES WITH REAL MANGO,SLICE ,90,500ML,500ML ,,1711527893952-varun beverage -nepal-beverages with real mango#3.png,CROSS CODING,2,2,20110053,58.44124,118,VARUN BEVERAGE -NEPAL,SLICE,SLICE,RGB 250 ML,RGB,250.000 ML,MANGO,,250.0,ML,0.0
29/03/2024,202403,2,112273347,41301020015,1711527893952,20110482,118,VARUN BEVERAGE -NEPAL,BEVERAGES WITH REAL MANGO,SLICE ,90,500ML,500ML ,,1711527893952-varun beverage -nepal-beverages with real mango#3.png,CROSS CODING,2,3,20110405,59.280777,118,VARUN BEVERAGE -NEPAL,SLICE,SLICE,RGB 300 ML,RGB,300.000 ML,MANGO,,300.0,ML,0.0
29/03/2024,202403,2,116648462,41301020006,1711526804902,99765171,134,RR DRINKING WATER ,PROCESSED WATER ,RR AQUQ,30,,,,1711526804902-rr drinking water -processed water #3.png,RECODING,5,1,99762467,220.89755,118,BAUDDHA GRAMEEN PROCESSED DRINKING WATER,AQUA FRESH,AQUA FRESH,PET 1000 ML,PET,1000.000 ML,,,1000.0,ML,20.0
29/03/2024,202403,2,116648462,41301020006,1711526804902,99765171,134,RR DRINKING WATER ,PROCESSED WATER ,RR AQUQ,30,,,,1711526804902-rr drinking water -processed water #3.png,RECODING,5,2,99765171,221.40082,118,R.R. DRINKING WATER-NEPAL,R.R.,R.R.,PET 1000 ML,PET,1000.000 ML,,,1000.0,ML,30.0
29/03/2024,202403,2,116648462,41301020006,1711526804902,99765171,134,RR DRINKING WATER ,PROCESSED WATER ,RR AQUQ,30,,,,1711526804902-rr drinking water -processed water #3.png,RECODING,5,3,40110494,237.40427,118,R.S PURE DRINKING WATER-NEPAL,AQUA SPECIAL,AQUA SPECIAL,PET 1000 ML,PET,1000.000 ML,,,1000.0,ML,0.0
29/03/2024,202403,2,128850829,21202020024,1711529742272,99765170,134,SAPPE PUBLIC COMPANY LTD-THAILAND,MOGU MOGU,MOGU MOGU\320ML\PBT\MELON FLAVOUR ,145,320ML,PBT,,1711529742272-sappe public company ltd-thailand-mogu mogu#3.png,RECODING,5,1,99765170,60.627483,118,SAPPE PUBLIC COMPANY LTD-THAILAND,MOGU MOGU,MOGU MOGU,MELON PET 320 ML,PET,320.000 ML,MELON,,320.0,ML,150.0
29/03/2024,202403,2,128850829,21202020024,1711529742272,99765170,134,SAPPE PUBLIC COMPANY LTD-THAILAND,MOGU MOGU,MOGU MOGU\320ML\PBT\MELON FLAVOUR ,145,320ML,PBT,,1711529742272-sappe public company ltd-thailand-mogu mogu#3.png,RECODING,5,2,99765123,102.773125,118,SAPPE PUBLIC COMPANY LTD-THAILAND,MOGU MOGU,MOGU MOGU,MANGO PET 320 ML,PET,320.000 ML,MANGO,,320.0,ML,150.0
29/03/2024,202403,2,128850829,21202020024,1711529742272,99765170,134,SAPPE PUBLIC COMPANY LTD-THAILAND,MOGU MOGU,MOGU MOGU\320ML\PBT\MELON FLAVOUR ,145,320ML,PBT,,1711529742272-sappe public company ltd-thailand-mogu mogu#3.png,RECODING,5,3,99765188,103.778206,118,SAPPE PUBLIC COMPANY LTD-THAILAND,MOGU MOGU,MOGU MOGU,PINEAPPLE PET 320 ML,PET,320.000 ML,PINEAPPLE,,320.0,ML,150.0
29/03/2024,202403,2,130528603,21202020027,1711534063061,99765161,118,VARUN BEVERAGE -NEPAL,PEPSI,PEPSI \250ML+150ML\PBT\CARBONATED ,50,250ML+150ML,PBT,,1711534063061-varun beverage -nepal-pepsi#3.png,RECODING,5,1,20110433,34.84413,118,VARUN BEVERAGE -NEPAL,PEPSI,PEPSI,PET 250 ML,PET,250.000 ML,COLA,,250.0,ML,0.0
29/03/2024,202403,2,130528603,21202020027,1711534063061,99765161,118,VARUN BEVERAGE -NEPAL,PEPSI,PEPSI \250ML+150ML\PBT\CARBONATED ,50,250ML+150ML,PBT,,1711534063061-varun beverage -nepal-pepsi#3.png,RECODING,5,2,20110365,38.725006,118,VARUN BEVERAGE -NEPAL,PEPSI,PEPSI,PET 600 ML,PET,600.000 ML,COLA,,600.0,ML,0.0
29/03/2024,202403,2,130528603,21202020027,1711534063061,99765161,118,VARUN BEVERAGE -NEPAL,PEPSI,PEPSI \250ML+150ML\PBT\CARBONATED ,50,250ML+150ML,PBT,,1711534063061-varun beverage -nepal-pepsi#3.png,RECODING,5,3,20121483,39.62149,118,VARUN BEVERAGE -NEPAL,PEPSI,PEPSI,PET 2250 ML,PET,2250.000 ML,COLA,,2250.0,ML,0.0
29/03/2024,202403,2,130528603,21202020027,1711601746770,99765168,118,VARUN BEVERAGE -NEPAL,7UP,7 UP\250ML+150ML\PBT\CARBONATED ,20,250ML+150ML FREE,PBT,Sales Deviation is OK,1711601746770-varun beverage -nepal-7up#3.png,RECODING,5,1,99765161,75.65236,118,VARUN BEVERAGE -NEPAL,PEPSI,PEPSI,PET 250 ML+150 ML FREE,PET,250.000 ML,COLA,,400.0,ML,50.0
29/03/2024,202403,2,130528603,21202020027,1711601746770,99765168,118,VARUN BEVERAGE -NEPAL,7UP,7 UP\250ML+150ML\PBT\CARBONATED ,20,250ML+150ML FREE,PBT,Sales Deviation is OK,1711601746770-varun beverage -nepal-7up#3.png,RECODING,5,2,20121486,75.938614,118,VARUN BEVERAGE -NEPAL,7 UP,7 UP,PET 2250 ML,PET,2250.000 ML,LEMON,,2250.0,ML,0.0
29/03/2024,202403,2,130528603,21202020027,1711601746770,99765168,118,VARUN BEVERAGE -NEPAL,7UP,7 UP\250ML+150ML\PBT\CARBONATED ,20,250ML+150ML FREE,PBT,Sales Deviation is OK,1711601746770-varun beverage -nepal-7up#3.png,RECODING,5,3,99765168,76.394936,118,VARUN BEVERAGE -NEPAL,7 UP,7 UP,PET 250 ML+150 ML FREE,PET,250.000 ML,LEMON,,400.0,ML,50.0
30/03/2024,202403,2,516813610182,51681020001,1711611020248,99765172,134,KWALITY THAI FOODS PVT LTD-NPL,EX-CESS,EX-CESS/200ML/TPK/MANGO PAPAYA,25,200ML,TPK,Any other reason,,RECODING,5,1,99765172,26.783691,118,KWALITY THAI FOODS PVT LTD-NPL,EX-CESS,EX-CESS,MANGO PAPAYA TPK 200 ML,TPK,200.000 ML,MANGO & PAPAYA,,200.0,ML,25.0
30/03/2024,202403,2,516813610182,51681020001,1711611020248,99765172,134,KWALITY THAI FOODS PVT LTD-NPL,EX-CESS,EX-CESS/200ML/TPK/MANGO PAPAYA,25,200ML,TPK,Any other reason,,RECODING,5,2,99762403,46.36374,118,KWALITY THAI FOODS PVT LTD-NPL,EX-CESS,EX-CESS,MANGO TPK 200 ML,TPK,200.000 ML,MANGO,,200.0,ML,25.0
30/03/2024,202403,2,516813610182,51681020001,1711611020248,99765172,134,KWALITY THAI FOODS PVT LTD-NPL,EX-CESS,EX-CESS/200ML/TPK/MANGO PAPAYA,25,200ML,TPK,Any other reason,,RECODING,5,3,99764109,51.370384,118,KWALITY THAI FOODS PVT LTD-NPL,EX-CESS,EX-CESS,MANGO TPK 180 ML+20 ML FREE,TPK,180.000 ML,MANGO,,200.0,ML,25.0
30/03/2024,202403,2,516813610176,51681020002,1711611020248,99765172,134,KWALITY THAI FOODS PVT LTD-NPL,EX-CESS,EX-CESS/200ML/TPK/MANGO PAPAYA,25,200ML,TPK,,1711611020248-kwality thai foods pvt ltd-npl-ex-cess#3.png,RECODING,5,1,99765172,26.783691,118,KWALITY THAI FOODS PVT LTD-NPL,EX-CESS,EX-CESS,MANGO PAPAYA TPK 200 ML,TPK,200.000 ML,MANGO & PAPAYA,,200.0,ML,25.0
30/03/2024,202403,2,516813610176,51681020002,1711611020248,99765172,134,KWALITY THAI FOODS PVT LTD-NPL,EX-CESS,EX-CESS/200ML/TPK/MANGO PAPAYA,25,200ML,TPK,,1711611020248-kwality thai foods pvt ltd-npl-ex-cess#3.png,RECODING,5,2,99762403,46.36374,118,KWALITY THAI FOODS PVT LTD-NPL,EX-CESS,EX-CESS,MANGO TPK 200 ML,TPK,200.000 ML,MANGO,,200.0,ML,25.0
30/03/2024,202403,2,516813610176,51681020002,1711611020248,99765172,134,KWALITY THAI FOODS PVT LTD-NPL,EX-CESS,EX-CESS/200ML/TPK/MANGO PAPAYA,25,200ML,TPK,,1711611020248-kwality thai foods pvt ltd-npl-ex-cess#3.png,RECODING,5,3,99764109,51.370384,118,KWALITY THAI FOODS PVT LTD-NPL,EX-CESS,EX-CESS,MANGO TPK 180 ML+20 ML FREE,TPK,180.000 ML,MANGO,,200.0,ML,25.0
30/03/2024,202403,2,516813510147,51681020008,1711611020248,99765172,134,KWALITY THAI FOODS PVT LTD-NPL,EX-CESS,EX-CESS/200ML/TPK/MANGO PAPAYA,25,200ML,TPK,,,RECODING,5,1,99765172,26.783691,118,KWALITY THAI FOODS PVT LTD-NPL,EX-CESS,EX-CESS,MANGO PAPAYA TPK 200 ML,TPK,200.000 ML,MANGO & PAPAYA,,200.0,ML,25.0
30/03/2024,202403,2,516813510147,51681020008,1711611020248,99765172,134,KWALITY THAI FOODS PVT LTD-NPL,EX-CESS,EX-CESS/200ML/TPK/MANGO PAPAYA,25,200ML,TPK,,,RECODING,5,2,99762403,46.36374,118,KWALITY THAI FOODS PVT LTD-NPL,EX-CESS,EX-CESS,MANGO TPK 200 ML,TPK,200.000 ML,MANGO,,200.0,ML,25.0
30/03/2024,202403,2,516813510147,51681020008,1711611020248,99765172,134,KWALITY THAI FOODS PVT LTD-NPL,EX-CESS,EX-CESS/200ML/TPK/MANGO PAPAYA,25,200ML,TPK,,,RECODING,5,3,99764109,51.370384,118,KWALITY THAI FOODS PVT LTD-NPL,EX-CESS,EX-CESS,MANGO TPK 180 ML+20 ML FREE,TPK,180.000 ML,MANGO,,200.0,ML,25.0
