t_CATEGORY,t_MANUFACTURE,t_BRAND,t_ITEMDESC,t_MRP,t_PACKSIZE,t_PACKTYPE,rank,matched_itemcode,distance,m_catcode,m_company,m_mbrand,m_brand,m_sku,m_packtype,m_base_pack,m_flavor,m_color,m_wght,m_uom,m_mrp
106,ALKA AYURVEDIC PVT.LTD INDIA,COOLSA,COOLSA\2.5GM\PPH\COUGH DROPS GINGER ,0.8,PPH,2.5GM,1,99762947,32.43610382080078,106,ALKA AYURVEDIC PVT LTD-INDIA,COOLSA,COOLSA COUGH DROPS,COOLSA COUGH DROPS- GINGER PPH 2.5 GM,PLPCH,2.500 GM,GINGER,,2.5,GM,1.0
106,ALKA AYURVEDIC PVT.LTD INDIA,COOLSA,COOLSA\2.5GM\PPH\COUGH DROPS HONEY,0.8,PPH,2.5GM,1,99762949,30.212839126586914,106,ALKA AYURVEDIC PVT LTD-INDIA,COOLSA,COOLSA COUGH DROPS,COOLSA COUGH DROPS- HONEY PPH 2.5 GM,PLPCH,2.500 GM,HONEY,,2.5,GM,1.0
106,ALKA AYURVEDIC PVT.LTD INDIA,COOLSA,COOLSA\2.5GM\PPH\COUGH DROPS MENTHOL,0.8,PPH,2.5GM,1,99762948,25.922500610351562,106,ALKA AYURVEDIC PVT LTD-INDIA,COOLSA,COOLSA COUGH DROPS,COOLSA COUGH DROPS- MENTHOL PPH 2.5 GM,PLPCH,2.500 GM,MENTHOL,,2.5,GM,1.0
106,AMBER CONFECTIONERY-INDIA,AMBER,AMBER LYCHEE\3GM\PPH\ TWIST FLAVOUR CANDY ,1.0,PPH,3GM,2,99762950,37.3001823425293,106,AMBER CONFECTIONERY-INDIA,AMBER,AMBER,AMBER-LYCHEE TWIST PPH 3 GM,PLPCH,3.000 GM,LYCHEE,,3.0,GM,1.0
106,HIMADRI FOOD-NEPAL,PRAN KOKO,PRAN KOKO/MILK LOLLIPOP/10GM/PPH,5.0,PPH,10GM,1,99762894,16.810943603515625,106,HIMADRI FOOD-NEPAL,PRAN,PRAN KOKO,PRAN KOKO-MILK LOLLIPOP EWP 10 GM,EWRPK,10.000 GM,MILK,,10.0,GM,5.0
106,NEBICO PVT LTD-NEPAL,NEBICO POP STICK,NEBICO POP STICK\8\GM,5.0,PPH,8 GM,1,99762665,28.256351470947266,106,NEBICO PVT LTD-NEPAL,NEBICO,NEBICO POP STICK,NEBICO POP STICK-ASSORTED EWP 8 GM,EWRPK,8.000 GM,ASSORTED,,8.0,GM,5.0
106,NICE CONFECTIONERY-INDIA,MR.BIG,MR.BIG CHOCOLATE/6.7GM/PPH,2.0,PPH,6.7GM,1,99764674,66.10270690917969,106,NICE CONFECTIONERY-INDIA,BYE-BYE,BYE-BYE MR. BIG,BYE-BYE MR. BIG-CENTER FILLED CHOCOLATE PCN 625 GM,PLJAR,625.000 GM,CHOCOLATE,,625.0,GM,400.0
106,PEPPE NUTRIRIONS .PVT.LTD INDIA,HOPPIN GOLD ,HOPPIN GOLD COFFEE\4.5GM\EWP\PEPPE NUTRITIONS.PVT.LTD INDIA,3.0,EWP,4.5GM,1,99762968,55.163299560546875,106,PEPPE NUTRITIONS PVT LTD-IND,HOPPIN,HOPPIN GOLD COFFEE,HOPPIN GOLD COFFEE- PPH 4.5 GM,PLPCH,4.500 GM,COFFEE,,4.5,GM,3.0
106,SAGUN FOODS PVT LTD-NEPAL,FUNNY HALLZ,FUNNY HALLZ\3.1\GM,1.0,PPH,3.1GM,1,99762972,37.5108528137207,106,SAGUN FOODS PVT LTD-NEPAL,FUNNY,FUNNY HALLZ,FUNNY HALLZ-COOL MINT PPH 3 GM,PLPCH,3.000 GM,MINT,,3.0,GM,1.0
106,SUJAL FOODS PVT LTD-NEPAL,RASILO CANDY,RASILO CANDY- CHATPAT SWODILO,1.0,PPH,3GM,1,99762974,41.34588623046875,106,SUJAL FOODS PVT LTD-NEPAL,RASILO CANDY,RASILO CANDY,RASILO CANDY- CHATPATA MAZZA PPH 3 GM,PLPCH,3.000 GM,UNSPECIFIED,,3.0,GM,1.0
106,SUJAL FOODS PVT LTD-NEPAL,SMART LOLLIPOP ,SMART LOLLYPOP PINEAPPLE ,5.0,PPH,10GM,1,99762971,22.36423683166504,106,SUJAL FOODS PVT LTD-NEPAL,SMART,SMART LOLLYPOP,SMART LOLLYPOP-PINEAPPLE PPH 10 GM,PLPCH,10.000 GM,PINEAPPLE,,10.0,GM,5.0
106,SURYA NEPAL PVT LTD - NEPAL,TOFFICHO TADKA,TOFFICHOO TADKA,2.5,PPH,3.8GM,1,99764461,55.64550018310547,106,SURYA NEPAL PVT LTD - NEPAL,TOFFICHOO TADKA,TOFFICHOO TADKA,TOFFICHO TADKA-CHAT MASALA LITCHI PPH 3.8 GM,PLPCH,3.800 GM,LYCHEE,,3.8,GM,2.5
109,ZYDUS WELLNESS PRODUCTS LIMITED,GLUCON-D,GLUCON-D\500\GM,175.0,500GM,PPH,1,99764167,80.5677719116211,109,ZYDUS WELLNESS-INDIA,GLUCON,GLUCON - D,GLUCON - D-REGULAR PCN 450 GM+50M+FREE SIPPER,PLJAR,450.000 GM,,,500.0,GM,175.0
110,GODREJ CONSUMER PRODUCTS-INDIA,GODREJ NUPUR HENNA,GODREJ NUPUR HENNA/100% PURE HENNA/25GM/PPH,10.0,PPH,25GM,1,99763957,21.30545997619629,110,GODREJ CONSUMER PRODUCTS-INDIA,GODREJ,GODREJ NUPUR HENNA,GODREJ NUPUR HENNA-100% PURE HEENA PPH 25 GM,PLPCH,25.000 GM,,UNSPECIFIED,25.0,GM,20.0
110,LOREAL INDIA - INDIA,GARNIER BLACK NATURALS,GARNIER BLACK NATURALS-4.0 NATURALS BROWN ,50.0,SCT,20 GM + 20 ML,1,52075,31.809913635253906,110,LOREAL INDIA - INDIA,GARNIER,GARNIER BLACK NATURALS,GARNIER BLACK NATURALS-3.0 BROWN BLACK-CLRN 20G,PLPCH,40.000 GM,,BLACK BROWN,40.0,GM,0.0
110,LOREAL INDIA - INDIA,GARNIER BLACK NATURALS,GARNIER COLOR NATURALS- 3.16 BURGUNDY PBT 70 ML + 60 GM,290.0,PBT,70 ML + 60 GM,1,91927555,34.497161865234375,110,LOREAL INDIA - INDIA,GARNIER,GARNIER BLACK NATURALS,GARNIER BLACK NATURALS-3.16 BURGUNDY-COLORENT 20G,PLPCH,40.000 GM,,BURGUNDY,40.0,GM,0.0
110,MADHUR HERBAL INDUSTRIES CHINA,PROMINA ,PROMINA 10 MINUTES HERBAL BLACK HAIR SHAMPOO\5GMS\PPH\RS:35\MADHUR HERBAL INDUSTRIES CHINA,35.0,PPH,5GMS,1,92118964,175.70947265625,117,GUANG HOUSHI DESLOR COSM-CHINA,HAIR CARE,HAIR CARE CONDITIONER,HAIR CARE CONDITIONER- PBT 500 ML,PLBOT,500.000 ML,,,500.0,ML,0.0
111,DABUR NEPAL LTD.-NEPAL,DABUR AMLA ALOEVERA,DABUR AMLA ALOEVERA\90\ML,80.0,PPH,90ML,1,99762915,33.459415435791016,111,DABUR NEPAL LTD.-NEPAL,DABUR,DABUR AMLA,DABUR AMLA-ALOEVERA PBT 90 ML,PLBOT,90.000 ML,,,90.0,ML,80.0
111,EMAMI LIMITED,EMAMI KESH KING,EMAMI KESH KING\300\ML,540.0,PPH,300ML,1,51330,85.54974365234375,111,EMAMI LTD. -INDIA,EMAMI,EMAMI KESH KING,EMAMI KESH KING-SCALP HR MED PBT 110 ML+FR BOROPLUS 19ML,PLBOT,110.000 ML,,,110.0,ML,0.0
111,EMAMI LTD. -INDIA,EMAMI KESH KING,EMAMI KESH KING/SCALP AND HAIR MEDICINE/50ML/PBT,128.0,PBT,50ML,1,99762919,31.455894470214844,111,EMAMI LTD. -INDIA,EMAMI,EMAMI KESH KING,EMAMI KESH KING-SCALP HAIR MEDICID PBT 50 ML,PLBOT,50.000 ML,,,50.0,ML,128.0
111,MARICO BANGLADESH LTD-BANGLADESH,PARACHUTE,PARACHUTE/100% PURE COCONUT OIL/450ML/PCN,390.0,CAN,450ML,1,99762938,17.48382568359375,111,MARICO BANGLADESH LTD-BANGLADESH,PARACHUTE,PARACHUTE,PARACHUTE-100% PURE COCONUT OIL PCN 450 ML,PLJAR,450.000 ML,,,450.0,ML,390.0
111,SESA CARE P LTD INDIA ,SESA,SESA AYURVEDIC/100ML/PBT,270.0,PBT,100ML,1,99762920,33.876251220703125,111,SESA CARE PVT. LTD-INDIA,SESA,SESA AYURVEDIC,SESA AYURVEDIC-PBT 100 ML,PLBOT,100.000 ML,,,100.0,ML,270.0
112,HINDUSTAN UNILEVER LTD-INDIA,HORLICKS CHOCOLATE DELIGHT,HORLICKS CHOCOLATE DELIGHT FLAVOUR\500\GM,400.0,500GM,PPH,1,99762977,45.3350944519043,112,HINDUSTAN UNILEVER LTD-INDIA,HORLICKS,HORLICKS,HORLICKS-CHOCOLATE DELIGHT PCN 500 GM,PLJAR,500.000 GM,,,500.0,GM,400.0
112,RIGHT INT'L TRADERS,FABVITA,FABVITA REGULAR MALT FOOD\500\GM,400.0,500 GM,PPH,1,99762978,159.77391052246094,112,RIGHT INTERNATIONAL TRADERS-NEPAL,FABVITA,FABVITA,FABVITA-REGULAR PCN 500 GM,PLJAR,500.000 GM,,,500.0,GM,300.0
112,RIGHT INTL TRADERS PVT LTD-NEPAL ,FABVITA,FABVITA,300.0,PBT,500GM,1,99762978,75.59901428222656,112,RIGHT INTERNATIONAL TRADERS-NEPAL,FABVITA,FABVITA,FABVITA-REGULAR PCN 500 GM,PLJAR,500.000 GM,,,500.0,GM,300.0
116,CARE & COMFORT PRODUCTS NEPAL ,CARE & COMFORT ,CARE & COMFORT/REGULAR/7 PADS/PPH,45.0,PPH,7 PADS,1,99762979,62.321163177490234,116,CARE & COMFORT PRODUCTS-NEPAL,CARE & COMFORT,CARE & COMFORT,CARE & COMFORT-REGULAR PPH 7 NO,PLPCH,7.000 NO,,,7.0,NO,45.0
116,H H HEALTH & HYGIENE PRODUCT-NEPAL ,PADELUX PREMIUM ,PADELUX PREMIUM/SUPER COMFORT XL COTTONY SOFT/6 PADS/PPH,60.0,PPH,6 PADS,1,99762980,108.9482650756836,116,HEALTY & HYGIENE PROD-NP,PADELUX,PADELUX,PADELUX-XL SUPER COMFORT PREMIUM PPH 6 NO,PLPCH,6.000 NO,,,6.0,NO,60.0
116,JASMINE HYGIENIC - NEPAL,SOFTLOVE ,SOFTLOVE/ULTRA XL/8PADS/PPH,100.0,PPH,8 PADS,1,48245,72.63994598388672,116,JASMINE HYGIENIC - NEPAL,SOFT LOVE,SOFT LOVE ULTRA,SOFT LOVE ULTRA-XL PPH 8 NOS,PLPCH,8.000 NO,,,8.0,NO,0.0
117,HINDUSTAN UNILEVER INDIA ,DOVE NUTRITIVE SOLUTIONS ,DOVE NUTRITIVE SOLUTIONS/DAILY SHINE/4.2ML/SCT/40% EXTRA,4.0,SCT,4.2ML,1,99762951,19.763534545898438,117,HINDUSTAN UNILEVER LTD-INDIA,DOVE,DOVE NUTRITIVE SOLUTIONS,DOVE NUTRITIVE SOLUTIONS-DAILY SHINE SCT 4.2 ML+40% EXTRA,PLSCH,4.200 ML,,,6.0,ML,4.0
117,KWALITY CHEM PVT.LTD-NEPAL,GIV ,GIV THICK & GLOSSY BLACK SHINE/5ML/SCT/PREVENT HAIR FALL/20%EXTRA/KWALITY CHEM PVT.LTD-NEPAL,2.0,SCT,5ML,1,47735,126.29226684570312,120,KWALITY CHEM PVT LTD-NEPAL,GIV,GIV,GIV-EXCOTC BEAUTY DEO SOAP JASMNE PPH 35 GM,PLPCH,35.000 GM,,,35.0,GM,0.0
117,UNILEVER NEPAL LTD-NEPAL,DOVE NUTRITIVE SOLUTIONS ,DOVE NUTRITIVE SOLUTIONS/DAILY SHINE/175ML/PBT,165.0,PBT,175ML,1,99762921,17.667137145996094,117,UNILEVER NEPAL LTD-NEPAL,DOVE,DOVE NUTRITIVE SOLUTIONS,DOVE NUTRITIVE SOLUTIONS-DAILY SHINE PBT 175 ML,PLBOT,175.000 ML,,,175.0,ML,165.0
118,AQUA NEPAL BISLERI-NEPAL,HAYAT,AQUA ABE HAYAT PBT 1000 ML,25.0,PBT,1000 ML,1,99762895,34.74457550048828,118,AQUA NEPAL BISLERI-NEPAL,AQUA ABE HAYAT,AQUA ABE HAYAT,PET 1000 ML,PET,1000.000 ML,,,1000.0,ML,25.0
118,BHAIRAV DRINKING WATER-NEPAL,V.D.W,AQUA V.D.W ,25.0,PBT,1000 ML,1,99762896,23.86225128173828,118,BHAIRAV DRINKING WATER-NEPAL,AQUA V.D.W,AQUA V.D.W,PET 1000 ML,PET,1000.000 ML,,,1000.0,ML,25.0
118,CHUDALI BUSINESS GROUP,ARGHAKHACHI,AQUA ARGHAKHACHI PBT 1000 ML,25.0,PBT,1000 ML,1,99762984,99.63813781738281,118,CHUDALI BUSINESS GROUP-NEPAL,ARGHAKHANCHI,ARGHAKHANCHI,PET 1000 ML,PET,1000.000 ML,,,1000.0,ML,25.0
118,DEVCHULI BEVERAGE PVT.LTD-NEPAL,AQUA DEVCHULI,AQUA DEVCHULI/1000ML/PBT/DEVCHULI BEVERAGE PVT.LTD-NEPAL,25.0,PBT,1000ML,1,99762982,31.073333740234375,118,DEVCHULI BEVERAGE PVT LTD-NEPAL,AQUA DEVCHULI,AQUA DEVCHULI,PET 1000 ML,PET,1000.000 ML,,,1000.0,ML,25.0
118,HYGEN PACKS NEPAL PVT LTD-NEPAL,MANIA 500 ML,MANIA\500\ML,70.0,PPH,500 ML,8,99764833,72.79832458496094,118,HYGEN PACKS NEPAL PVT LTD-NEPAL,HYGEN,HYGEN MANIA,MANGO PET 500 ML,PET,500.000 ML,MANGO,,500.0,ML,80.0
118,HYGEN PACKS NEPAL PVT LTD-NEPAL,MANIA ORANGE DRINK,MANIA ORANGE DRINK\250\ML,40.0,PPH,250 ML,2,99762355,77.7603759765625,118,HYGEN PACKS NEPAL PVT LTD-NEPAL,HYGEN,HYGEN MANIA,CAN 250 ML,CAN,250.000 ML,,,250.0,ML,120.0
118,LUMBINI BEVERAGE-NEPAL,CUTE DEW ,CUTE DEW/250/ML/PBT,35.0,PBT,250 ML,1,99762917,36.472618103027344,118,LUMBINI BEVERAGE-NEPAL,CUTE,CUTE DEW,DEW PET 250 ML,PET,250.000 ML,LEMON,,250.0,ML,35.0
118,MUKUTESHWOR BEVRAGE P.LTD,SUNKOSHI,SUNKOSH DRINKING WATER \1000\ML,20.0,PPH,1000ML,1,99762351,136.4559783935547,118,SWORGADWARI DRINKING WATER UDHYOG-NPL,SWORGADWARI,SWORGADWARI,PET 1000 ML,PET,1000.000 ML,,,1000.0,ML,20.0
118,NESCAFE HAZELNUT ,NESCAFE ,NESCAFE,35.0,TPK,180ML,1,99763541,122.37782287597656,118,NESTLE INDIA LTD. - INDIA,NESCAFE,NESCAFE HAZELNUT,HAZELNUT TPK 180 ML,TPK,180.000 ML,HAZELNUT,,180.0,ML,75.0
118,RAMRI FOOD & BEVERAGE PVT LTD,RAMRI ,RAMRI/1000/ML/PBT,25.0,PBT,1000 ML ,1,99762916,99.54519653320312,118,RAMRI FOOD & BEVERAGE-NEPAL,RAMRI,RAMRI,PET 1000 ML,PET,1000.000 ML,,,1000.0,ML,25.0
118,SAMBHAVI BEVERAGE-NEPAL,SAMBHAVI CHISO COLA,SAMBHAVI CHIS OCOLA\2.5\ML,225.0,PPH,2.5 ML,1,99762463,45.10699462890625,118,SAMBHAVI BEVERAGE-NEPAL,CHISO,CHISO COLA,PET 500 ML,PET,500.000 ML,COLA,,500.0,ML,80.0
118,SAMBHAVI FOOD AND BEVERAGE,SAMBHAVI CHISO COLA,MAINTAIN DEW\2.5\ML,225.0,PPH,2.5 ML,1,99762463,100.5455093383789,118,SAMBHAVI BEVERAGE-NEPAL,CHISO,CHISO COLA,PET 500 ML,PET,500.000 ML,COLA,,500.0,ML,80.0
118,SINGAPORE BEVERAGE-NEPAL,JEERU,JEERU MASALA PBT 500 ML ,70.0,PBT,500 ML,1,99762952,27.584026336669922,118,SINGAPORE BEVERAGE-NEPAL,JEERU,JEERU,JEERA MASALA PET 500 ML,PET,500.000 ML,JEERA,,500.0,ML,70.0
118,SPRING FOOD & BEVERAGE-NEPAL,PREETI,PREETI LITCHI/140ML,20.0,PBT,140 ML,1,99762983,28.335554122924805,118,SPRING FOOD & BEVERAGE-NEPAL,PREETI,PREETI,LITCHI PET 140 ML,PET,140.000 ML,LYCHEE,,140.0,ML,20.0
120,GC IMP,PAPAYA WHITENING SOAP,GOLD SPA PAPAYA WHITENING SOAP\135GMS\CBP\RS:120,120.0,CBP,135GMS,4,92519792,131.70928955078125,120,RDL PHARMACEUTICAL-INDIA,PAPAYA,PAPAYA WHITENING SOAP,PAPAYA WHITENING SOAP-CBP 135 GMS,CDBOX,135.000 GM,,,135.0,GM,0.0
120,GODREJ CONSUMER PRODUCTS-INDIA,GODREJ NO.1 BEAUTY SOAP,GODREJ NO.1 BEAUTY SOAP-SANDAL TURMERIC/55GM +8 GM,20.0,EWP,55GM ,1,99763898,9.553122520446777,120,GODREJ CONSUMER PRODUCTS-INDIA,GODREJ,GODREJ NO.1 BEAUTY SOAP,GODREJ NO.1 BEAUTY SOAP-SANDAL TURMERIC EWP 53 GM,EWRPK,53.000 GM,,,53.0,GM,20.0
120,GODREJ CONSUMER PRODUCTS-INDIA,NO 1 ,GODREJ/NO1 SANDAL TURMERIC/45GM/EWP,30.0,EWP,45 GM,1,99762985,72.45845794677734,120,GODREJ CONSUMER PRODUCTS-INDIA,GODREJ,GODREJ NO.1 BEAUTY SOAP,GODREJ NO.1 BEAUTY SOAP-SANDAL&TURMERIC EWP 45 GM,EWRPK,45.000 GM,,,45.0,GM,30.0
120,HINDUSTAN UNILEVER LTD-INDIA,LIFEBUOY ,LIFEBUOY/100% STRONGER GERM PROTECTION/4Ã—58GM/EWP,20.0,EWP,4Ã—58GM,1,99762953,63.272525787353516,120,HINDUSTAN UNILEVER LTD-INDIA,LIFE BUOY,LIFE BUOY,LIFE BUOY-GERM PROTECTION SILVER SHLD EWP 4*58GM,EWRPK,58.000 GM,,,232.0,GM,65.0
120,HINDUSTAN UNILEVER LTD-INDIA,LIFEBUOY ,LIFEBUOY/100% STRONGER GERM PROTECTION/4Ã—58GM/EWP,64.0,EWP,4Ã—58GM,1,99762953,62.923892974853516,120,HINDUSTAN UNILEVER LTD-INDIA,LIFE BUOY,LIFE BUOY,LIFE BUOY-GERM PROTECTION SILVER SHLD EWP 4*58GM,EWRPK,58.000 GM,,,232.0,GM,65.0
120,HINDUSTAN UNILEVER LTD-INDIA,LUX VELVET GLOW,LUX VELVET GLOW/JASMINE &VITAMIN E/100GM/EWP,40.0,EWP,100GM ,1,99762955,12.486486434936523,120,HINDUSTAN UNILEVER LTD-INDIA,LUX,LUX VELVET GLOW,LUX VELVET GLOW-JASMINE & VITAMIN E EWP 100 GM,EWRPK,100.000 GM,,,100.0,GM,40.0
120,PT MEGASURYA MAS- INDONESIA,LARK BEAUTY SOAP,LARK BEAUTY SOAP/PEARL EXTRACT/150GM/EWP,100.0,EWP,150GM ,1,99762940,13.991167068481445,120,PT MEGASURYA MAS- INDONESIA,LARK,LARK BEAUTY SOAP,LARK BEAUTY SOAP-PEARL EXTRACT EWP 150 GM,EWRPK,150.000 GM,,,150.0,GM,100.0
120,ROYAL NATIONAL HERBS PVT.LTD NEPAL ,SCAR SHINE ,SCAR SHINE/ANTI MARKS WHITENING FACE SOAP/60GM/CBP,150.0,CBP,60GM,5,99764078,142.93724060058594,120,NAMASTE HERBAL UDHYOG NEPAL-NP,SANCHO,SANCHO PAPAYA WHITENING,SANCHO PAPAYA WHITENING-TOTAL SKIN CARE CBP 60 GM,CDBOX,60.000 GM,,,60.0,GM,60.0
120,SHREE JAYAKALI JADIBUTI UDY-NP,OKHATI PAPAYA,OKHATI PAPAYA/WHITENING +SUNSCREEN/125GM/CBP,110.0,CBP,125GM ,2,99762897,77.86338806152344,120,SHREE JAYAKALI JADIBUTI UDY-NP,OKHATI,OKHATI PAPAYA,OKHATI PAPAYA-WHTNG SUNCRN CBP 125 GM,CDBOX,125.000 GM,,,125.0,GM,110.0
120,UNILEVER NEPAL LTD-NEPAL,LIFE BUOY,LIFE BUOY\95GM\EWP\TOTAL PORFECT ACTIVE SILVER SAVE RS.12.00 PACK OF 4NOSX95GM,120.0,EWP,95GM,1,99762939,43.66835021972656,120,UNILEVER NEPAL LTD-NEPAL,LIFE BUOY,LIFE BUOY TOTAL,LIFE BUOY TOTAL-ACTIV SILVER EWP 4*95 GM+SAVE RS12,EWRPK,95.000 GM,,,380.0,GM,140.0
120,UNILEVER NEPAL LTD-NEPAL,LIRIL,LIRIL LIME RUSH/4Ã—75GM/EWP/SAVE RS 10,110.0,EWP,4Ã—75GM,1,92562465,36.73177719116211,120,UNILEVER NEPAL LTD-NEPAL,LIRIL,LIRIL,LIRIL-LIME RUSH EWP 75 GM+SAVE RS. 3 ON 3 NOS PACK,EWRPK,75.000 GM,,,225.0,GM,0.0
120,VVF LTD - INDIA,JO SPARKLING FRESH ,JO SPARKLING FRESH/LIME/100GM/EWP/BUY 3 GET 2 FREE,144.0,RWP,100GM ,1,99762954,48.84674835205078,120,VVF LTD - INDIA,JO,JO,JO-LIME SPARKLING FRESH EWP 5*100 GM+BUY 3 GET 2 FREE,EWRPK,100.000 GM,,,500.0,GM,145.0
120,VVF LTD - INDIA,JO SPARKLING FRESH ,JO SPARKLING FRESH/LIME/40GM/EWP/BUY 4 GET 1 FREE,48.0,EWP,40GM ,1,99763090,40.06694030761719,120,VVF LTD - INDIA,JO,JO,JO-LIME SPARKLING FRESH EWP 5*40 GM+BUY 4 GET 1 FREE,EWRPK,40.000 GM,,,200.0,GM,48.0
121,COLGATE PALMOLIVE INDIA ,COLGATE MAX FRESH GEL,COLGATE MAX FRESH/RED GEL COOLING CRYSTALS/19GM/TUBE/FREE 15% EXTRA ,16.0,TUBE ,19GM,8,99762421,57.50822448730469,121,COLGATE PALMOLIVE- NEPAL,COLGATE,COLGATE MAX FRESH GEL,COLGATE MAX FRESH GEL-RED TUB 19 GMS,TUBE,19.000 GM,,,19.0,GM,16.0
122,CHIRANJIVI DETERGENT & SOAP-NP,STARJET GHADI,STARJET GHADI/2500/GM/PPH/,220.0,PPH,2500 GM,1,99762988,7.98088264465332,122,CHIRANJIVI DETERGENT & SOAP-NP,STARJET GHADI,STARJET GHADI,STARJET GHADI-DETERGENT POWD PPH 2500G,PLPCH,2500.000 GM,,,2500.0,GM,220.0
122,DEUTI SOAP & CHEMICAL-NEPAL,YASHODA,YASHODA DETERGENT POWDER/1000GM/PPH,100.0,PPH,1000GM ,2,99762924,44.251319885253906,122,DEUTI SOAP & CHEMICAL-NEPAL,YASHODA,YASHODA,YASHODA-QUICK WASH PPH 1000 GM,PLPCH,1000.000 GM,,,1000.0,GM,100.0
122,DEUTI SOAP & CHEMICAL-NEPAL,YASHODA,YASHODA-QUICK WASH 1000 GM,100.0,PPH,1000 GM,1,99762924,8.673919677734375,122,DEUTI SOAP & CHEMICAL-NEPAL,YASHODA,YASHODA,YASHODA-QUICK WASH PPH 1000 GM,PLPCH,1000.000 GM,,,1000.0,GM,100.0
122,DINESH SOAP & HOUSEHOLD-NPL,DINESH 3 IN 1,DINESH 3 IN 1\500\GM,50.0,PPH,500GM,5,99762552,37.55611038208008,122,DINESH SOAP & HOUSEHOLD-NPL,DINESH,DINESH 3IN1,DINESH 3IN1-LIME GREEN PPH 500 GM,PLPCH,500.000 GM,,,500.0,GM,50.0
122,DINESH SOAP & HOUSEHOLD-NPL,DINESH SHAKTI ,DINESH SHAKTI/DETERGENT POWDER/1000GM/PPH,125.0,PPH,1000GM ,2,99762923,48.41436004638672,122,DINESH SOAP & HOUSEHOLD-NPL,DINESH,DINESH SHAKTI,DINESH SHAKTI-PPH 1000 GM,PLPCH,1000.000 GM,,,1000.0,GM,125.0
122,GHARI CHEMICAL WORKS NEPAL ,HARAPATTA,HARAPATTA/GREENLEAF/3000GM/PPH,240.0,PPH,3000GM,1,99762989,42.34190368652344,122,GHARI CHEMICAL WORKS-NEPAL,HARAPATTA,HARAPATTA,HARAPATTA-PPH 3000 GMS,PLPCH,3000.000 GM,,,3000.0,GM,240.0
122,GOPAL SOAP INDUSTRIES - NEPAL,V- SERIES,V-SERIES ORANGE & LEMON\200\GM,20.0,PPH,200GM,1,99762956,24.213768005371094,122,GOPAL SOAP INDUSTRIES - NEPAL,V SERIES,V SERIES,V SERIES-ORANGE & LEMON PPH 200 GM,PLPCH,200.000 GM,,,200.0,GM,20.0
122,HIMALAYAN SOAP & CHEM.- NEPAL,NIRMA 1KG,NIRMA WASHING POWER\1000\KG,70.0,1000 KG,PPH,1,93025370,46.106361389160156,122,HIMALAYAN SOAP & CHEM.- NEPAL,NIRMA,NIRMA,NIRMA-PPH 300 GMS,PLPCH,300.000 GM,,,300.0,GM,0.0
122,HIMGIRI HYGIENE PVT LTD-NEPAL,DHONI ULTRA,DHONI ULTRA PPH 750 GM,110.0,PPH,750 GM,7,99762990,66.33563232421875,122,HIMGIRI HYGIENE PVT LTD-NEPAL,DHONI,DHONI ULTRA,DHONI ULTRA-PPH 750 GM+DHONI DISWAS BAR WORTH RS.10,PLPCH,750.000 GM,,,750.0,GM,110.0
122,HIMGIRI HYGIENE PVT LTD-NEPAL,XTRAA! ACTIVE ,XTRAA! ACTIVE_DETERGENT POWDER/1000GM/PPH,100.0,PPH,1000GM ,1,99762925,22.025039672851562,122,HIMGIRI HYGIENE PVT LTD-NEPAL,XTRAA,XTRAA ACTIVE,XTRAA ACTIVE-DETERGENT POWDER PPH 1000 GM,PLPCH,1000.000 GM,,,1000.0,GM,100.0
122,HINDUSTAN UNILEVER LTD-INDIA,SURF EXCEL,SURF EXCEL/EASY WASH/500GM/PPH,100.0,PPH,500GM ,1,99762942,16.26076316833496,122,HINDUSTAN UNILEVER LTD-INDIA,SURF,SURF EXCEL,SURF EXCEL-EASY WASH PPH 500 GM,PLPCH,500.000 GM,,,500.0,GM,100.0
122,HINDUSTAN UNILEVER LTD-INDIA,SURF EXCEL,SURF EXCEL\85\GM,20.0,PPH,85GM,1,99763430,33.02187728881836,122,HINDUSTAN UNILEVER LTD-INDIA,SURF,SURF EXCEL,SURF EXCEL-EASY WASH PPH 80 GM,PLPCH,80.000 GM,,,80.0,GM,20.0
122,KWALITY CHEM PVT LTD-NEPAL,DIAL, KWALITY DIAL/500GM,75.0,PPH,500GM,4,99762918,69.01256561279297,122,KWALITY CHEM PVT LTD-NEPAL,DIAL,DIAL,DIAL-XTRA CLEAN DETERGENT POWDER PPH 500 GM,PLPCH,500.000 GM,,,500.0,GM,75.0
122,NEPAL CHEM-NEPAL,SUN ULTRA,SUN ULTRA/200GM/PPH,20.0,PPH,200GM ,1,99762899,70.33746337890625,122,NEPAL CHEM-NEPAL,SUN ULTRA,SUN ULTRA,SUN ULTRA-DETERGENT POWDER PPH 200 GM,PLPCH,200.000 GM,,,200.0,GM,20.0
122,R.M. CHEMICALS NEPAL,ACTIVE WHEEL 2 IN 1,ACTIVE WHEEL 2 IN 1\1000\GM,105.0,PPH,1000GM,1,50274,133.1851348876953,122,UNILEVER NEPAL LTD-NEPAL,WHEEL,WHEEL ACTIVE,WHEEL ACTIVE-2IN1 CLN FRS PPH 1000 GM+FR VIM BAR 85G,PLPCH,1000.000 GM,,,1000.0,GM,0.0
122,R.M. CHEMICALS NEPAL,ACTIVE WHEEL 2 IN 1,ACTIVE WHEEL 2 IN 1\750\GM,75.0,PPH,750GM,2,99762423,137.569580078125,122,UNILEVER NEPAL LTD-NEPAL,WHEEL,WHEEL ACTIVE,WHEEL ACTIVE-2IN1 CLEAN FRESH PPH 750 GM,PLPCH,750.000 GM,,,750.0,GM,75.0
122,R.M. CHEMICALS NEPAL,ACTIVE WHEEL 2IN 1,ACTIVE WHEEL 2 IN 1\200\GM,20.0,PPH,200GM,2,99762424,134.03298950195312,122,UNILEVER NEPAL LTD-NEPAL,WHEEL,WHEEL ACTIVE,WHEEL ACTIVE-2IN1 CLEAN FRESH PPH 200 GM,PLPCH,200.000 GM,,,200.0,GM,20.0
122,RSPL LTD-INDIA,GHADI,GHADI/125GM/PPH,16.0,PPH,125GM ,1,99762898,24.565189361572266,122,RSPL LTD-INDIA,GHADI,GHADI,GHADI-PPH 125 GMS,PLPCH,125.000 GM,,,125.0,GM,16.0
122,SEN SOAP IND - NEPAL,SAGAR,SAGAR/275GM,25.0,PPH,275GM,2,50250,71.26072692871094,122,SEN SOAP IND - NEPAL,SUSEN,SUSEN,SUSEN-PPH 275 GM,PLPCH,275.000 GM,,,275.0,GM,0.0
122,SNEHA SOAP & CHEMICAL INDUSTRIES-NEPAL,SNEHA'S NATURE,SNEHAS NATURE/DETERGENT POWDER/200GM/PPH,20.0,PPH,200GM ,1,99762900,44.521278381347656,122,SNEHA SOAP & CHEMICAL INDUSTRIES-NEPAL,SNEHA'S,SNEHA'S NATURE,SNEHA'S NATURE-PPH 200 GM,PLPCH,200.000 GM,,,200.0,GM,20.0
122,SONY SOAP INDUSTRIES NEPAL ,SONA 2IN1 BRIGHT ,SONA BRIGHT/2IN1/750GM/PPH,75.0,PPH,750GM,1,99762958,23.07549285888672,122,SONY SOAP INDUSTRIES-NEPAL ,SONA BRIGHT,SONA BRIGHT,SONA BRIGHT-2 IN 1 PPH 750 GM,PLPCH,750.000 GM,,,750.0,GM,75.0
122,SONY SOAP INDUSTRIES NEPAL ,SONA BRIGHT ,SONA BRIGHT/GOLD-MATRIC/50GM/PPH,20.0,PPH,50GM,1,99762959,23.696035385131836,122,SONY SOAP INDUSTRIES-NEPAL ,SONA BRIGHT,SONA BRIGHT,SONA BRIGHT-GOLD MATRIC PPH 50 GM,PLPCH,50.000 GM,,,50.0,GM,20.0
122,UNILEVER NEPAL LTD-NEPAL,WHEEL 2 IN 1,WHEEL ACTIVE\200GM\PPH\2 IN 1 CLEAN&FRESH,20.0,PPH,200GM,1,99762424,22.041793823242188,122,UNILEVER NEPAL LTD-NEPAL,WHEEL,WHEEL ACTIVE,WHEEL ACTIVE-2IN1 CLEAN FRESH PPH 200 GM,PLPCH,200.000 GM,,,200.0,GM,20.0
122,UNIQUE SOAP & CHEMICAL INDUSTRIES,SUPER ULTRA DETERGENT POWER,SUPER ULTRA DETERGENT POWER\250\GM,20.0,PPH,250 GM,1,99762937,123.63093566894531,122,UNIQUE SOAP & CHEMICAL IND.-NEPAL,SUPER ULTRA,SUPER ULTRA,SUPER ULTRA-DETERGENT POWDER PPH 250 GM,PLPCH,250.000 GM,,,250.0,GM,20.0
122,UNITED SURF & CLEANING INDUSTRIES-NEPAL,SUNSINE,SUNSINE/200GM/PPH/UNITED SURF & CLEANING INDUSTRIES-NEPAL,20.0,PPH,200GM,1,99762899,124.72697448730469,122,NEPAL CHEM-NEPAL,SUN ULTRA,SUN ULTRA,SUN ULTRA-DETERGENT POWDER PPH 200 GM,PLPCH,200.000 GM,,,200.0,GM,20.0
122,YS SOAP INDUSTRIESL,YS NAMASTE5000GM,YS NAMASTE\5000\GM,500.0,PPH,5000GM,1,99762922,61.67555618286133,122,YS SOAP INDUSTRIES-NEPAL,YS,YS NAMASTE,YS NAMASTE-PPH 5000 GM,PLPCH,5000.000 GM,,,5000.0,GM,500.0
123,BABA SOAP INDUSTRIES - NEPAL,DOLPHIN,DOLPHIN\300\GM,50.0,PPH,300GM,1,93022994,33.76803207397461,122,BABA SOAP INDUSTRIES - NEPAL,DOLPHIN,DOLPHIN,DOLPHIN-PPH 300 GMS,PLPCH,300.000 GM,,,300.0,GM,0.0
123,DEUTI SOAP & CHEMICAL-NEPAL,YASHODA,YASHODA/400/GM/PBT,55.0,PBT,400 GM,1,99763343,27.496479034423828,123,DEUTI SOAP & CHEMICAL-NEPAL,YASHODA,YASHODA,YASHODA-LAUNDRY SOAP PPH 100 GM,PLPCH,100.000 GM,,,100.0,GM,20.0
123,DEUTI SOAP & CHEMICAL-NEPAL,YASHODA ,YASHODA LAUNDRY SOAP/200GM/PPH,40.0,PPH,200GM ,1,99762943,14.194806098937988,123,DEUTI SOAP & CHEMICAL-NEPAL,YASHODA,YASHODA,YASHODA-LAUNDRY SOAP PPH 200 GM,PLPCH,200.000 GM,,,200.0,GM,40.0
123,DINESH SOAP & HOUSEHOLD-NPL,DINESH PREMIUM LAUNDRY SOAP ,DINESH PREMIUM LAUNDRY SOAP/1200GM/PPH,210.0,PPH,1200GM,4,99763342,26.400806427001953,123,DINESH SOAP & HOUSEHOLD-NPL,DINESH,DINESH,DINESH-PREMIUM LAUNDRY SOAP PPH 6*200 GM [1200 GM],PLPCH,200.000 GM,,,1200.0,GM,210.0
123,DINESH SOAP & HOUSEHOLD-NPL,SHILPA GOLD,SHILPA GOLD/150/GM/PPH,30.0,PPH,150 GM,1,99762926,6.919061183929443,123,DINESH SOAP & HOUSEHOLD-NPL,SHILPA GOLD,SHILPA GOLD,SHILPA GOLD-PPH 150 GM,PLPCH,150.000 GM,,,150.0,GM,30.0
123,GANAPATI VANASPATI PVT LTD-NP,SAFARI 300GM,SAFARI\300\GM,50.0,PPH,300GM,2,99762993,87.56222534179688,123,GANAPATI VANASPATI PVT LTD-NP,SAFARI,SAFARI,SAFARI-LAUNDRY SOAP PPH 300 GMS,PLPCH,300.000 GM,,,300.0,GM,50.0
123,GOLDEN STAR SOAP IND-NEPAL,AAYO,AAYO- PPH 100 GM ,20.0,PPH ,100 GM,5,99763420,31.87105941772461,123,GOLDEN STAR SOAP IND-NEPAL,AAYO,AAYO,AAYO-LAUNDRY SOAP PPH 100 GM,PLPCH,100.000 GM,,,100.0,GM,20.0
123,GOLDEN STAR SOAP IND-NEPAL,HERO,HERO/100/GM/PPH,20.0,PPH,100 GM,1,99762906,13.047587394714355,123,GOLDEN STAR SOAP IND-NEPAL,HERO,HERO,HERO-PPH 100 GM,PLPCH,100.000 GM,,,100.0,GM,20.0
123,GOLDEN STAR SOAP IND-NEPAL,HERO,HERO/150/GM/PPH,30.0,PPH,150GM,1,99762907,15.535066604614258,123,GOLDEN STAR SOAP IND-NEPAL,HERO,HERO,HERO-PPH 150 GM,PLPCH,150.000 GM,,,150.0,GM,30.0
123,GOPAL N PRODUCT-NEPAL,ANKUR ,ANKUR LAUNDRY SOAP/250GM/PPH,50.0,PPH,250GM ,2,99762964,91.17242431640625,123,GOPAL N PRODUCT-NEPAL,ANKUR,ANKUR,ANKUR-EXTRA WHITENER PPH 250 GM,PLPCH,250.000 GM,,,250.0,GM,50.0
123,GOPAL N PRODUCT-NEPAL,V SERIES,V SERIES PPH (150 GM * 12 ),360.0,PPH,150 GM *12,4,99763965,46.954139709472656,123,GOPAL N PRODUCT-NEPAL,V SERIES,V SERIES,V SERIES-EXTRA WHITENER PPH 150 GM,PLPCH,150.000 GM,,,150.0,GM,30.0
123,GOPAL SOAP INDUSTRIES - NEPAL,V -SERIES PLUS,V-SERIES PLUS/85GM+15 GM,10.0,PPH,85GM,1,47214,40.04234313964844,123,GOPAL SOAP INDUSTRIES - NEPAL,V SERIES,V SERIES,V SERIES-EWP 250 GMS,EWRPK,250.000 GM,,,250.0,GM,0.0
123,HIMGIRI HYGIENE PVT LTD-NEPAL,BIJAYA SUPER,BIJAYA SUPER\250\GM,40.0,PPH,250GM,4,99763002,79.78375244140625,123,HIMGIRI HYGIENE PVT LTD-NEPAL,SHAKTI,SHAKTI,SHAKTI-PPH 250 GM,PLPCH,250.000 GM,,,250.0,GM,40.0
123,HIMGIRI HYGIENE PVT LTD-NEPAL,BIJAYA SUPER,BIJAYA SUPER\300\GM,43.0,PPH,300GM,1,99763506,75.76176452636719,123,HIMGIRI HYGIENE PVT LTD-NEPAL,SHOVA,SHOVA,SHOVA-PPH 300 GM,PLPCH,300.000 GM,,,300.0,GM,50.0
123,HIMGIRI HYGIENE PVT LTD-NEPAL,DHONI,DHONI-LAUNDRY SOAP PPH 500 GM,100.0,PPH,500 GM,1,99763487,8.239887237548828,123,HIMGIRI HYGIENE PVT LTD-NEPAL,DHONI,DHONI,DHONI-LAUNDRY SOAP PPH 250 GM,PLPCH,250.000 GM,,,250.0,GM,50.0
123,HIMGIRI HYGIENE PVT LTD-NEPAL,DHONI,DHONI/500GM/PPH/HIMGIRI HYGIENE PVT LTD-NEPAL,100.0,PPH,500GM,1,99763160,31.489227294921875,122,HIMGIRI HYGIENE PVT LTD-NEPAL,DHONI,DHONI ULTRA,DHONI ULTRA-PPH 500 GM,PLPCH,500.000 GM,,,500.0,GM,75.0
123,HIMGIRI HYGIENE PVT LTD-NEPAL,DHONI ,DHONI LAUNDRY SOAP/500GM/PPH,100.0,PPH,500GM,1,99763487,15.975944519042969,123,HIMGIRI HYGIENE PVT LTD-NEPAL,DHONI,DHONI,DHONI-LAUNDRY SOAP PPH 250 GM,PLPCH,250.000 GM,,,250.0,GM,50.0
123,HIMGIRI HYGIENE PVT LTD-NEPAL,DHONI 100%,DHONI\500\GM,100.0,PPH,500GM,1,99763160,42.20390319824219,122,HIMGIRI HYGIENE PVT LTD-NEPAL,DHONI,DHONI ULTRA,DHONI ULTRA-PPH 500 GM,PLPCH,500.000 GM,,,500.0,GM,75.0
123,HIMGIRI HYGIENE PVT LTD-NEPAL,DRINK 200G GM,DRUK\200\GM,40.0,200GM,PPH,1,92919906,94.05397033691406,123,HIMGIRI SOAP & CHEMICALS-NEPAL,DRUK,DRUK,DRUK- PPH 200 GMS,PLPCH,200.000 GM,,,200.0,GM,0.0
123,HIMGIRI HYGIENE PVT LTD-NEPAL,FIZZ,FIZZ/100/GM/PPH,20.0,PPH,100 GM,1,99764080,46.28448486328125,123,HIMGIRI HYGIENE PVT LTD-NEPAL,FIZZ,FIZZ,FIZZ-LAUNDRY SOAP PPH 100 GM,PLPCH,100.000 GM,,,100.0,GM,20.0
123,HIMGIRI HYGIENE PVT LTD-NEPAL,NIRMA,NIRMA /400/GM/PBT,55.0,PBT,400 GM,1,99763577,64.04450225830078,123,HIMGIRI HYGIENE PVT LTD-NEPAL,NIRMA,NIRMA,NIRMA-EXTRA LIME POWER PCN 400 GM,PLJAR,400.000 GM,,,400.0,GM,55.0
123,HIMGIRI HYGIENE PVT LTD-NEPAL,SHAKTI 250,SHAKTI \250\GM,40.0,EWP,250 GM,1,99763002,33.24474334716797,123,HIMGIRI HYGIENE PVT LTD-NEPAL,SHAKTI,SHAKTI,SHAKTI-PPH 250 GM,PLPCH,250.000 GM,,,250.0,GM,40.0
123,HIMGIRI HYGIENE PVT LTD-NEPAL,SOBHA,SOBHA\200\GM,35.0,PPH,200GM,1,99763163,49.846839904785156,123,HIMGIRI HYGIENE PVT LTD-NEPAL,SHOVA,SHOVA,SHOVA-PPH 200 GM,PLPCH,200.000 GM,,,200.0,GM,40.0
123,HIMGIRI HYGIENE PVT LTD-NEPAL,TIKA,TIKA LAUNDRY SOAP/200GM/PPH,40.0,PPH,200GM,1,99762928,19.89735221862793,123,HIMGIRI HYGIENE PVT LTD-NEPAL,TIKA,TIKA,TIKA-LAUNDRY SOAP PPH 200 GM,PLPCH,200.000 GM,,,200.0,GM,40.0
123,HIMGIRI HYGIENE PVT LTD-NEPAL,TIKA,TIKA LAUNDRY SOAP/250GM/PPH,50.0,PPH,250GM,1,99762929,19.224422454833984,123,HIMGIRI HYGIENE PVT LTD-NEPAL,TIKA,TIKA,TIKA-LAUNDRY SOAP PPH 250 GM,PLPCH,250.000 GM,,,250.0,GM,50.0
123,HIMGIRI HYGIENE PVT LTD-NEPAL,TIKA,TIKA LAUNDRY SOAP/250Ã—4GM/PPH,200.0,PPH,250Ã—4GM,2,99762929,29.332679748535156,123,HIMGIRI HYGIENE PVT LTD-NEPAL,TIKA,TIKA,TIKA-LAUNDRY SOAP PPH 250 GM,PLPCH,250.000 GM,,,250.0,GM,50.0
123,HIMGIRI HYGIENE PVT LTD-NEPAL,TIKA ,TIKA LAUNDRY SOAP/150GM/PPH,30.0,PPH,150GM ,1,99762927,17.332630157470703,123,HIMGIRI HYGIENE PVT LTD-NEPAL,TIKA,TIKA,TIKA-LAUNDRY SOAP PPH 150 GM,PLPCH,150.000 GM,,,150.0,GM,30.0
123,HIMGIRI HYGIENE PVT LTD-NEPAL,WAHA 72%,WAHA 72%/125GM/PPH/HIMGIRI HYGIENE PVT LTD-NEPAL,25.0,PPH,125GM,1,99763248,48.88798522949219,123,HIMGIRI HYGIENE PVT LTD-NEPAL,SHOVA,SHOVA,SHOVA-PPH 125 GM,PLPCH,125.000 GM,,,125.0,GM,20.0
123,HIMGIRI HYGIENE PVT LTD-NEPAL,WAHA72%,WAHA72% LAUNDRY SOAP\300\GM,50.0,300GM,PPH,1,99763003,20.818918228149414,123,HIMGIRI HYGIENE PVT LTD-NEPAL,WAHA 72%,WAHA 72%,WAHA 72%-LAUNDRY SOAP PPH 300 GM,PLPCH,300.000 GM,,,300.0,GM,50.0
123,HIMGIRI SOAP & CHEMICALS-NEPAL,DHONI LAUNDRY SOAP,DHONI LAUNDRY SOAP \500\HM,100.0,PPH,500GM,5,99762901,19.71832847595215,123,HIMGIRI SOAP & CHEMICALS-NEPAL,DHONI,DHONI,DHONI-LAUNDRY SOAP PPH 3*167 GM [500GM],PLPCH,167.000 GM,,,500.0,GM,100.0
123,HIMGIRI SOAP & CHEMICALS-NEPAL,DHONI XTRAA,XTRAA/LAUNDRY SOAP/180GM/PPH/10%EXTRA,40.0,PPH,180GM,1,54377,22.157398223876953,123,HIMGIRI SOAP & CHEMICALS-NEPAL,DHONI,DHONI,DHONI-XTRAA LAUNDRY SOAP PPH 210 GM,PLPCH,210.000 GM,,,210.0,GM,0.0
123,HIMGIRI SOAP & CHEMICALS-NEPAL,DHONI XTRAA ,DHONI XTRAA!/LAUNDRY SOAP/180GM/PPH/10%EXTRA ,40.0,PPH,180GM ,1,51127,24.376516342163086,123,HIMGIRI SOAP & CHEMICALS-NEPAL,DHONI,DHONI,DHONI-XTRAA LAUNDRY SOAP PPH 105 GM,PLPCH,105.000 GM,,,105.0,GM,0.0
123,KARUNA SOAP & CHEMICALS-NEPAL,DHARTI 200 GM,DHARTI\200\GM,40.0,PPH,200GM,1,99762597,25.11199378967285,123,KARUNA SOAP & CHEMICALS-NEPAL,DHARTI,DHARTI,DHARTI-LAUNDRY SOAP PPH 200 GM,PLPCH,200.000 GM,,,200.0,GM,40.0
123,KARUNA SOAP & CHEMICALS-NEPAL,DHARTI500GM,DHARTI\500\GM (3 nos???),100.0,PPH,500GM,1,99762597,35.50453567504883,123,KARUNA SOAP & CHEMICALS-NEPAL,DHARTI,DHARTI,DHARTI-LAUNDRY SOAP PPH 200 GM,PLPCH,200.000 GM,,,200.0,GM,40.0
123,KARUNA SOAP & CHEMICALS-NEPAL,PALUWA,PALUWA/150/GM/,30.0,PPH,150 GM,1,99762905,26.507333755493164,123,KARUNA SOAP & CHEMICALS-NEPAL,PALUWA,PALUWA,PALUWA-LAUNDRY SOAP PPH 150 GM,PLPCH,150.000 GM,,,150.0,GM,30.0
123,KWALITY CHEM PVT LTD-NEPAL,123 POWER,123 POWER-PPH 500 GM ,100.0,PPH,500 GM,7,99762966,16.288259506225586,123,KWALITY CHEM PVT LTD-NEPAL,123,123 POWER,123 POWER-PPH 3*167 GM [500GM],PLPCH,167.000 GM,,,500.0,GM,100.0
123,KWALITY CHEM PVT LTD-NEPAL,123 POWER,123 POWER/LAUNDRY SOAP/550GM/PPH,105.0,PPH,550GM ,1,99762860,33.196590423583984,123,KWALITY CHEM PVT LTD-NEPAL,KWALITY,KWALITY,KWALITY-LAUNDRY SOAP PPH 200 GM,PLPCH,200.000 GM,,,200.0,GM,40.0
123,KWALITY CHEM PVT LTD-NEPAL,123 POWER,123 POWER/PERFUME LAUNDRY SOAP/150GM/PPH,30.0,PPH,150GM ,1,99763328,41.75865936279297,123,KWALITY CHEM PVT LTD-NEPAL,KWALITY,KWALITY,KWALITY-LAUNDRY SOAP PPH 150 GM,PLPCH,150.000 GM,,,150.0,GM,30.0
123,KWALITY CHEM PVT LTD-NEPAL,BISHAL 200GM,BISHAL \200\GM,40.0,PPH,200GM,1,99762903,16.706016540527344,123,KWALITY CHEM PVT LTD-NEPAL,BISHAL,BISHAL,BISHAL-PPH 200 GM,PLPCH,200.000 GM,,,200.0,GM,40.0
123,KWALITY CHEM PVT LTD-NEPAL,MONICA,MONICA\100\GM,17.0,PPH,100GM,1,99763560,21.924407958984375,123,KWALITY CHEM PVT LTD-NEPAL,MONICA,MONICA,MONICA-PPH 100 GM,PLPCH,100.000 GM,,,100.0,GM,20.0
123,KWALITY CHEM PVT LTD-NEPAL,NISHAN ,NISHAN/200/GM/PPH,40.0,PPH,200 GM,1,99762637,39.926918029785156,123,KWALITY CHEM PVT LTD-NEPAL,BHANU,BHANU,BHANU-PPH 200 GM,PLPCH,200.000 GM,,,200.0,GM,30.0
123,MAHASHAKTI SOAP & CHEM.- NEPAL,DANFE,DANFE PURE SOAP/100GM/PPH,20.0,PPH,100GM ,1,99762904,8.412678718566895,123,MAHASHAKTI SOAP & CHEM.- NEPAL,DANFE,DANFE,DANFE-PURE SOAP PPH 100 GM,PLPCH,100.000 GM,,,100.0,GM,20.0
123,MAHASHAKTI SOAP & CHEM.- NEPAL,HIMKAN ,HIMKAN/100GM/UNWRP/,20.0,UNWRP ,100GM ,9,92919933,43.2337646484375,123,MAHASHAKTI SOAP & CHEM.- NEPAL,RARA 72%,RARA 72%,RARA 72%-UNWRP 100 GMS,UNWRP,100.000 GM,,,100.0,GM,0.0
123,MAHASHAKTI SOAP & CHEM.- NEPAL,MAHASHAKTI,MAHASHAKTI PURE SOAP/150GM/PPH,30.0,PPH,150GM ,1,99762931,19.37249755859375,123,MAHASHAKTI SOAP & CHEM.- NEPAL,MAHASHAKTI,MAHASHAKTI,MAHASHAKTI-PPH 150 GM,PLPCH,150.000 GM,,,150.0,GM,30.0
123,MAHASHAKTI SOAP & CHEM.- NEPAL,MAHASHAKTI,MAHASHAKTI\150GM\PPH\100%PURE WASHING  SOAP ,30.0,PPH,150GM,2,99762931,34.16654968261719,123,MAHASHAKTI SOAP & CHEM.- NEPAL,MAHASHAKTI,MAHASHAKTI,MAHASHAKTI-PPH 150 GM,PLPCH,150.000 GM,,,150.0,GM,30.0
123,MAHASHAKTI SOAP & CHEM.- NEPAL,MALA300GM,MALA\300\GM,50.0,PPH,300GM,1,99762932,28.49289321899414,123,MAHASHAKTI SOAP & CHEM.- NEPAL,MALA,MALA,MALA-LAUNDRY SOAP PPH 300 GM,PLPCH,300.000 GM,,,300.0,GM,50.0
123,NAMASTE S.I (P)-NEPAL,DARSHAN,DARSHAN - PPH 200 GM,40.0,PPH,200 GM,1,99762805,56.5524787902832,122,NAMASTE S.I (P)-NEPAL,NILAM,NILAM,NILAM-PPH 200 GM,PLPCH,200.000 GM,,,200.0,GM,20.0
123,NAMASTE S.I (P)-NEPAL,EXPRESS,EXPRESS/LAUNDRY SOAP/200GM/PPH,40.0,PPH,200GM ,1,99763910,17.98131561279297,123,NAMASTE S.I (P)-NEPAL,EXPRESS,EXPRESS,EXPRESS-LAUNDRY SOAP PPH 200 GM,PLPCH,200.000 GM,,,200.0,GM,45.0
123,NEPAL GRAMODHYOG PVT LTD-NP,NEPAL GRAMODHYOG HERB YUKT,NEPAL GRAMODHYOG HERB YUKT\150\GM,20.0,PPH,150GM,2,99762902,31.66680145263672,123,NEPAL GRAMODHYOG PVT LTD-NP,NEPAL GRAMODHYOG,NEPAL GRAMODHYOG HERB YUKT,NEPAL GRAMODHYOG HERB YUKT-ASH & LEMON PPH 150 GM,PLPCH,150.000 GM,,,150.0,GM,20.0
123,NEPAL GRAMODHYOG PVT LTD-NP,NEPAL GRAMODHYOG HERB YUKT,NEPAL GRAMODHYOG-HERB YUKT/90 GM,10.0,PPH,90 GM,1,99762991,23.725017547607422,123,NEPAL GRAMODHYOG PVT LTD-NP,NEPAL GRAMODHYOG,NEPAL GRAMODHYOG,NEPAL GRAMODHYOG-HERB YUKTA EWP 90 GM,EWRPK,90.000 GM,,,90.0,GM,10.0
123,P.S.S.I-NEPAL,CHANDANI,CHANDANI LAUNDRY SOAP,40.0,PPH,200G,1,99764748,81.95411682128906,123,K.C. SOAP & CHEMICAL IND.-NEPAL,4X SOAP,4X SOAP,4X SOAP-LAUNDRY SOAP PPH 200 GM,PLPCH,200.000 GM,,,200.0,GM,45.0
123,PARTANI SOAP & SILICATE IND-NP,MANI,MANI LAUNDRY SOAP,40.0,PPH,200G,1,99763249,24.747190475463867,123,PARTANI SOAP & SILICATE IND-NP,MANI,MANI,MANI-LAUNDRY SOAP PPH 200 GM,PLPCH,200.000 GM,,,200.0,GM,40.0
123,PARTANI SOAP & SILICATE IND-NP,MANI,MANI LAUNDRY SOAP ,45.0,PPH,250G,1,99763212,25.290081024169922,123,PARTANI SOAP & SILICATE IND-NP,MANI,MANI,MANI-LAUNDRY SOAP PPH 250 GM,PLPCH,250.000 GM,,,250.0,GM,40.0
123,PUJA SOAP & HOUSEHOLD PROD-NPL,SELFY 500 GM,SEFLY\500\GM,100.0,PPH,500GM,3,99762992,46.65392303466797,123,PUJA SOAP & HOUSEHOLD PROD-NPL,SELFY,SELFY,SELFY-LAUNDRY SOAP PPH 3*167 GM [500GM],PLPCH,167.000 GM,,,500.0,GM,100.0
123,RSPL LTD-INDIA,GHADI,GHADI/165GM/EWP,20.0,EWP,165GM,1,99763599,20.922504425048828,123,RSPL LTD-INDIA,GHADI,GHADI,GHADI-EWP 155 GM,EWRPK,155.000 GM,,,155.0,GM,20.0
123,RSPL LTD-INDIA,GHADI,GHADI/70GM/EWP,10.0,EWP,70GM,1,99763599,27.209070205688477,123,RSPL LTD-INDIA,GHADI,GHADI,GHADI-EWP 155 GM,EWRPK,155.000 GM,,,155.0,GM,20.0
123,RSPL LTD-INDIA,GHADI ,GHADI DETERGENT CAKE/160GM/EWP,20.0,EWP,160GM ,1,99762995,16.410507202148438,123,RSPL LTD-INDIA,GHADI,GHADI,GHADI-DETERGENT CAKE EWP 160 GMS,EWRPK,160.000 GM,,,160.0,GM,20.0
123,RSPL LTD-INDIA,GHADI ,GHADI/DETERGENT CAKE/70GM/EWP,10.0,EWP,70GM,1,99762994,16.31935691833496,123,RSPL LTD-INDIA,GHADI,GHADI,GHADI-DETERGENT CAKE EWP 70 GMS,EWRPK,70.000 GM,,,70.0,GM,10.0
123,RYNA SOAP & CHEMICAL-NPL,RYNA GHADI WASHING POWER,RYAN GHADI WASHING POWER\250\GM,20.0,PPH,250GM,1,51862,63.85909652709961,122,RYNA SOAP & CHEMICAL-NPL,RYNA,RYNA GHADI,RYNA GHADI-PPH 250 GM,PLPCH,250.000 GM,,,250.0,GM,0.0
123,SAPTARISHI SOAP INDS-NPL,RUCHI,RUCHI DETERGENT SOAP/100GM/EWP/SAPTARISHI SOAP INDS-NPL,10.0,EWP,100GM,1,99763004,18.119644165039062,123,SAPTARISHI SOAP INDS-NPL,RUCHI,RUCHI,RUCHI-DETERGENT SOAP EWP 100 GM,EWRPK,100.000 GM,,,100.0,GM,10.0
123,SATYAM INDUSTRIES-INDIA,TOWER,TOWER\150GM\EWP\JUMBO LAUNDRY SOAP +25GM FREE,25.0,EWP,150GM,2,99764686,174.21803283691406,123,PUSHPANJALI SOAP & CHEMICALS-NEPAL,TOWER TOP,TOWER TOP,TOWER TOP-EXTRA WHITENER LAUNDRY SOAP PPH 150 GM,PLPCH,150.000 GM,,,150.0,GM,35.0
123,SHIVA SHAKTI SOAP - NEPAL,ALFA DETERGENT,ALFA DETERGENT\100\GM,10.0,PPH,100GM,6,99763217,58.5260009765625,123,SHIVA SHAKTI SOAP - NEPAL,ALFA,ALFA,ALFA-EWP 100 GM,EWRPK,100.000 GM,,,100.0,GM,10.0
123,SHIVA SHAKTI SOAP - NEPAL,ALFA DETERGENT,ALFA DETERGENT\100\GM,100.0,PPH,100GM,7,99763217,58.700218200683594,123,SHIVA SHAKTI SOAP - NEPAL,ALFA,ALFA,ALFA-EWP 100 GM,EWRPK,100.000 GM,,,100.0,GM,10.0
123,SIRMAUR SOAP AND ALLIED PRODUCTS PVT LTD,JIWAN GOLD,JIWAN GOLD\100\GM,16.0,PPH,100GM,1,99762963,75.30642700195312,123,SIRMAUR SOAP FACTORY-INDIA,JIWAN GOLD,JIWAN GOLD,JIWAN GOLD-LAUNDRY SOAP PPH 100 GM,PLPCH,100.000 GM,,,100.0,GM,16.0
123,SUNLIGHT SABUN UDHYOG-NEPAL,BHAIRAV GOLD,BHAIRAV GOLD PPH 200 GM ,40.0,PPH,200 GM ,4,54039,63.706119537353516,123,SUNLIGHT SABUN UDHYOG-NEPAL,BIHANI,BIHANI GOLD,BIHANI GOLD-NEEM LMN PPH 182 GM+10% EX[18G],PLPCH,182.000 GM,,,200.0,GM,0.0
123,SWADESHI SABUN UDHYOG-NEPAL,MADAL,MADAL LAUNDRY SOAP,35.0,PPH,200G,5,99763912,64.81866455078125,123,DHANGADHI SABUN UDHYOG-NEPAL ,DH SOAP ,DH SOAP ,DH SOAP-LAUNDRY SOAP PPH 200 GM,PLPCH,200.000 GM,,,200.0,GM,40.0
123,WONDER HYGIENE PRODUCTS-INDIA ,RUBB ANTI-BACTERIAL ,RUBB ANTI-BACTERIAL/LEMON & PUDINA FRAGRANCE/500GM/PCN,75.0,PCN,500GM ,1,99762967,31.708208084106445,123,WONDER HYGIENE PRODUCT-INDIA,RUBB,RUBB,RUBB-ANTI BACTERIAL LEMON & PUDINA PCN 500 GM,PLJAR,500.000 GM,,,500.0,GM,75.0
129,SYNOKEM PHARMACEUTICALS LTD INDIA,I - FREE 72,I-FREE 72 \ 1 \ STRIP,80.0,1 STRIP,EWP,1,99762908,85.90530395507812,129,SYNOKEM PHARMACEUTICALS LTD-INDIA,I-FREE 72,I-FREE 72,I-FREE 72-CBP 1 NOS,CDBOX,1.000 NO,,,1.0,NO,80.0
129,SYNOKEM PHARMACEUTICALS LTD INDIA ,I-FREE 72,I-FREE 72/1 NOS/CBP,80.0,CBP,1 NOS,1,99762908,36.533172607421875,129,SYNOKEM PHARMACEUTICALS LTD-INDIA,I-FREE 72,I-FREE 72,I-FREE 72-CBP 1 NOS,CDBOX,1.000 NO,,,1.0,NO,80.0
130,ARSH ENTERPRISES-INDIA,XPRESSION ,XPRESSION/BANANA FLAVOUR/3 PCS/CBP,80.0,CBP,3 NOS,1,99762909,67.37263488769531,130,ARSH ENTERPRISES-INDIA,XPRESSION,XPRESSION,XPRESSION-BANANA CBP 3 NO,CDBOX,3.000 NO,,,3.0,NO,80.0
130,KAYMOND CONSUMER CARE LIMITED INDIA ,KAMASUTRA ,KAMASUTRA/MANGO FLAVOURED/10 NOS/CBP,180.0,CBP,10 NOS,1,99762910,103.29510498046875,130,RAYMOND CONSUMER CARE-INDIA,KAMASUTRA,KAMASUTRA DOTTED,KAMASUTRA DOTTED-MANGO CBP 10 NOS,CDBOX,10.000 NO,,,10.0,NO,180.0
131,SPRETE PANCHAKANYA MULTI PURPOSE,U&P HONEY,U & P / 500/GM,350.0,PPH,500GM,1,99763016,76.49742126464844,131,UPRETI & PANCHAKANYA MULTI PURPOSE-NP,U & P,U & P HONEY,U & P HONEY-PCN 500 GM,PLJAR,500.000 GM,,,500.0,GM,500.0
132,A.G. HEALTH INDUSTRIES PVT LTD-NEPAL,SAGUN BABY POKO PANTS,SAGUN BABY POKO PANTS-MEDIUM(M) 36 NOS,800.0,PPH,MEDIUM ,1,99762960,11.113611221313477,132,A.G. HEALTH INDUSTRIES PVT LTD-NEPAL,SAGUN BABY,SAGUN BABY POKO PANTS,SAGUN BABY POKO PANTS-MEDIUM(M) PPH 36 NOS,PLPCH,36.000 NO,,,36.0,NO,800.0
132,BRAJESHWORI INDUSTRIES PVT LTD-NEPAL ,TENDER TOUCH ,TENDER TOUCH L 5,100.0,PPH,5NOS,1,99763075,107.4635009765625,132,BRAJESHWORI INDUSTRIES-NEPAL,TENDER TOUCH,TENDER TOUCH BABY PULL UP PANTS,TENDER TOUCH BABY PULL UP PANTS-LARGE(L) PPH 5 NOS,PLPCH,5.000 NO,,,5.0,NO,100.0
132,BRAJESHWORI INDUSTRIES PVT LTD-NEPAL ,TENDER TOUCH ,TENDER TOUCH S 5,100.0,PPH,5NOS,1,99763184,108.86727142333984,132,BRAJESHWORI INDUSTRIES-NEPAL,TENDER TOUCH,TENDER TOUCH BABY PULL UP PANTS,TENDER TOUCH BABY PULL UP PANTS-SMALL(S) PPH 5 NOS,PLPCH,5.000 NO,,,5.0,NO,100.0
132,HARCHAND RAY & SON,HI-Q PULL UPS,HI-Q\5\NOS,100.0,PPH,5 NOS,1,99762934,89.9334716796875,132,HARCHAND RAY & SONS-NEPAL,HI-Q,HI-Q,HI-Q-PULL-UPS SMALL(S)PPH 5 NOS,PLPCH,5.000 NO,,,5.0,NO,100.0
132,JASMINE HYGIENIC - NEPAL,CUDDLES PANTS OVER NIGHT,CUDDLES PANTS OVER NIGHT\52\ PCS,950.0,PPH,52PCS,2,99762911,44.94426345825195,132,JASMINE HYGIENIC - NEPAL,CUDDLERS,CUDDLERS PANTS,CUDDLERS PANTS-OVERNITES MEDIUM (M) PPH 52 NOS,PLPCH,52.000 NO,,,52.0,NO,950.0
132,JASMINE HYGIENIC - NEPAL,SOFT &DRY PREMIUM PANTS ,SOFT & DRY PREMIUM PANTS/SMALL/5 PCS/PPH,80.0,PPH,5 NOS,1,99762913,11.136469841003418,132,JASMINE HYGIENIC - NEPAL,SOFT & DRY,SOFT & DRY,SOFT & DRY-PREMIUM PANTS SMALL (S) PPH 5 NOS,PLPCH,5.000 NO,,,5.0,NO,80.0
132,JASMINE HYGIENIC - NEPAL,SOFT LOVE,SOFT LOVE/4+1/PCS/L/SIZE/PPH,100.0,PPH,LARGE SIZE,1,48245,70.72843933105469,116,JASMINE HYGIENIC - NEPAL,SOFT LOVE,SOFT LOVE ULTRA,SOFT LOVE ULTRA-XL PPH 8 NOS,PLPCH,8.000 NO,,,8.0,NO,0.0
132,JASMINE HYGIENIC - NEPAL,SOFT LOVE,SOFT LOVE/4+1/PCS/M/AIZE/PPH,100.0,PPH,MEDIUM SIZE,1,48245,72.13201904296875,116,JASMINE HYGIENIC - NEPAL,SOFT LOVE,SOFT LOVE ULTRA,SOFT LOVE ULTRA-XL PPH 8 NOS,PLPCH,8.000 NO,,,8.0,NO,0.0
132,JASMINE HYGIENIC - NEPAL,SOFTLOVE PANT STYLE DIAPERS,SOFTLOVE PANT STYLE DIAPERS/LARGE/4+1 PICES/PPH,100.0,PPH,4+1,3,99763036,95.42779541015625,132,JASMINE HYGIENIC - NEPAL,SOFT & DRY,SOFT & DRY,SOFT & DRY-PREMIUM PANTS LARGE (L) PPH 4 NOS,PLPCH,4.000 NO,,,4.0,NO,100.0
132,KATYANI ENTERPRISES PVT.LTD NEPAL ,DIFUR DREAMZ PANT ,DIFUR DREAMZ PANT/SMALL/5 PANT/PPH,100.0,PPH,5 PANTS ,1,99762935,140.79873657226562,132,DREAMAX HEALTH CARE PVT LTD-IN,DIFUR,DIFUR DREAMZ PANT,DIFUR DREAMZ PANT-SMALL(S)PPH 5 NOS,PLPCH,5.000 NO,,,5.0,NO,100.0
132,KIMBERLY-CLARK-INDIA,HUGGIES WONDER PANTS COMFY,HUGGIES WONDER PANTS COMFY/XL/5 PANTS/PPH,160.0,PPH,5 NOS,1,99762912,21.925779342651367,132,KIMBERLY-CLARK-INDIA,HUGGIES,HUGGIES WONDER PANTS COMFY,HUGGIES WONDER PANTS COMFY-EXTRA LARGE(XL) PPH 5 NOS,PLPCH,5.000 NO,,,5.0,NO,160.0
132,PAGODA INTERNATIONAL LTD-NPL,BABIES POKO PANTS,BARBIES POKO PANTS/MEDIUM/5 PCS/PPH,100.0,PPH,5 PCS ,1,99762997,36.12255859375,132,PAGODA INTERNATIONAL LTD-NPL,BABIES POKO PANTS,BABIES POKO PANTS,BABIES POKO PANTS-SOFT & SECURE MEDIUM(M) PPH 5 NOS,PLPCH,5.000 NO,,,5.0,NO,100.0
132,PROCTER & GAMBLE - INDIA,PAMPERS,PAMPERS BABY DRY PANTS/LOTION WITH ALOE VERA/SMALL/4 PANTS/PPH,65.0,PPH,4 PANTS ,1,99763916,44.18163299560547,132,PROCTER & GAMBLE - INDIA,PAMPERS,PAMPERS,PAMPERS-BABY DRY PANTS-MEDIUM(M)PPH 4 NOS,PLPCH,4.000 NO,,,4.0,NO,80.0
132,SMART SURGIMED ENTERPRISES NEPAL,SOFT LITE,SOFT LITE BABY POKO PULLUPS\L 9-14KG\44PCS\SMART SURGIMED ENTERPRISES NEPAL,100.0,PPH,4PCS,1,99762969,64.79576110839844,132,SMART SURGIMADE ENTERPRISES-NP,SOFT LITE,SOFT LITE BABY POKO PULLUPS,SOFT LITE BABY POKO PULLUPS-LARGE(L) PPH 4 NOS,PLPCH,4.000 NO,,,4.0,NO,100.0
132,SOFTY HYGIENE PVT LTD-NEPAL,SOFTY BABY PANT,SOFTY BABY PANT/M CRAWLER/4 PICES/PPH,90.0,PPH,4 PICES,1,99762787,43.904869079589844,132,SOFTY HYGIENE PVT LTD-NEPAL,SOFTY,SOFTY BABY PANT,SOFTY BABY PANT-SMALL(S) PPH 4 NOS,PLPCH,4.000 NO,,,4.0,NO,80.0
132,UNICHARM INDIA LTD-INDIA,MAMYPOKO PANTS,MAMYPOKO PANTS\42NOS\PPH\STANDARD CRISSCROSS SHEET,640.0,PPH,42NOS,1,99762970,38.10621643066406,132,UNICHARM INDIA LTD-INDIA,MAMYPOKO PANTS,MAMYPOKO PANTS,MAMYPOKO PANTS-STANDARD-SMALL(S) PPH 42 NOS,PLPCH,42.000 NO,,,42.0,NO,640.0
